work_id,total_expenditure,expenditure_transaction_count,unique_vendor_count,duplicate_transaction_count,duplicate_group_count,potential_duplicate_amount_total,days_to_sanction,days_to_completion,expenditure_vs_sanction_ratio,disbursement_vs_sanction_ratio,last_expenditure_date,days_since_last_expenditure,expenditure_exceeds_sanction,disbursement_exceeds_sanction,completed_without_completion_date,completed_without_disbursement,expenditure_without_matching_work,high_transaction_count,multiple_vendors,has_potential_duplicate_transaction,potential_duplicate_transaction
WS/MP18098/2024-2025/180413,190546.0,1,1,0,0,0.0,21,75,1.0,1.0,2025-05-22,471,False,False,False,False,False,False,False,False,False
WS/MP18098/2024-2025/180437,2499838.0,15,1,10,5,848985.0,21,,0.9999352,,2025-05-24,469,False,False,False,False,False,True,False,True,True
WS/MP18098/2025-2026/176785,247537.0,1,1,0,0,0.0,69,270,1.0,1.0,2025-11-18,291,False,False,False,False,False,False,False,False,False
WS/MP18098/2025-2026/195616,496300.0,2,1,0,0,0.0,36,142,0.9926,0.9926,2025-09-19,351,False,False,False,False,False,False,False,False,False
WS/MP18098/2026-2027/269785,199604.0,1,1,0,0,0.0,41,,1.0,,2026-06-18,79,False,False,False,False,False,False,False,False,False
WS/MP18098/2026-2027/269823,,0,0,0,0,0.0,41,,,,,,False,False,False,False,False,False,False,False,False
WS/MP18098/2026-2027/272623,,0,0,0,0,0.0,54,,,,,,False,False,False,False,False,False,False,False,False
WS/MP444/2024-2025/146251,190546.0,1,1,0,0,0.0,79,478,1.0,1.0,2025-07-17,415,False,False,False,False,False,False,False,False,False
WS/MP444/2024-2025/165415,331800.0,3,2,0,0,0.0,14,,0.3318,,2025-11-04,305,False,False,False,False,False,False,True,False,False
WS/MP444/2025-2026/193985,99950.0,3,2,0,0,0.0,45,,0.3998,,2026-03-17,172,False,False,False,False,False,False,True,False,False
WS/MP444/2025-2026/194018,,0,0,0,0,0.0,78,,,,,,False,False,False,False,False,False,False,False,False
WS/MP444/2025-2026/208017,1000000.0,2,1,0,0,0.0,55,,1.0,,2026-05-19,109,False,False,False,False,False,False,False,False,False
WS/MP444/2025-2026/231609,474821.0,2,1,0,0,0.0,73,,1.0,,2026-05-19,109,False,False,False,False,False,False,False,False,False
WS/MP444/2025-2026/245624,,0,0,0,0,0.0,9,,,,,,False,False,False,False,False,False,False,False,False
WS/MP444/2026-2027/288965,,0,0,0,0,0.0,42,,,,,,False,False,False,False,False,False,False,False,False
WS/MP655/2025-2026/201504,99802.0,1,1,0,0,0.0,93,,0.5,,2025-09-11,359,False,False,False,False,False,False,False,False,False
WS/MP655/2025-2026/201506,199604.0,2,1,0,0,0.0,93,212,1.0,1.0,2025-12-18,261,False,False,False,False,False,False,False,False,False
WS/MP655/2025-2026/226820,199604.0,2,1,0,0,0.0,8,127,1.0,1.0,2025-12-18,261,False,False,False,False,False,False,False,False,False
WS/MP655/2025-2026/225191,199604.0,2,1,0,0,0.0,23,181,1.0,1.0,2026-02-02,215,False,False,False,False,False,False,False,False,False
WS/MP655/2025-2026/258104,386145.0,1,1,0,0,0.0,28,,0.5,,2026-02-25,192,False,False,False,False,False,False,False,False,False
WS/MP655/2025-2026/258248,386145.0,1,1,0,0,0.0,38,,0.5,,2026-03-10,179,False,False,False,False,False,False,False,False,False
WS/MP655/2025-2026/258303,386145.0,1,1,0,0,0.0,38,,0.5,,2026-03-10,179,False,False,False,False,False,False,False,False,False
WS/MP18099/2024-2025/175434,954936.0,1,1,0,0,0.0,32,,0.8681236363636363,,2025-08-20,381,False,False,False,False,False,False,False,False,False
WS/MP18099/2025-2026/176443,3500000.0,1,1,0,0,0.0,57,,0.7,,2025-07-05,427,False,False,False,False,False,False,False,False,False
WS/MP18099/2025-2026/218950,433324.0,1,1,0,0,0.0,28,,0.4377010101010101,,2026-06-18,79,False,False,False,False,False,False,False,False,False
WS/MP18099/2025-2026/225206,974306.0,2,1,0,0,0.0,30,373,0.9762585170340682,0.9762585170340682,2026-08-13,23,False,False,False,False,False,False,False,False,False
WS/MP18099/2025-2026/223072,,0,0,0,0,0.0,90,,,,,,False,False,False,False,False,False,False,False,False
WS/MP18099/2025-2026/255518,750000.0,1,1,0,0,0.0,41,,0.5,,2026-04-16,142,False,False,False,False,False,False,False,False,False
WS/MP18099/2026-2027/269942,250000.0,1,1,0,0,0.0,47,,0.5,,2026-05-29,99,False,False,False,False,False,False,False,False,False
WS/MP18099/2026-2027/274490,,0,0,0,0,0.0,94,,,,,,False,False,False,False,False,False,False,False,False
WS/MP18099/2026-2027/281679,700000.0,1,1,0,0,0.0,87,,0.7,,2026-08-24,12,False,False,False,False,False,False,False,False,False
WS/MP18100/2024-2025/151652,150000.0,2,1,0,0,0.0,31,446,1.0,1.0,2025-07-21,411,False,False,False,False,False,False,False,False,False
WS/MP18100/2024-2025/167244,150000.0,2,1,0,0,0.0,37,421,1.0,1.0,2026-03-18,171,False,False,False,False,False,False,False,False,False
WS/MP18100/2024-2025/164789,60000.0,1,1,0,0,0.0,56,,0.6,,2025-03-31,523,False,False,False,False,False,False,False,False,False
WS/MP18100/2025-2026/182329,200000.0,2,1,0,0,0.0,17,194,1.0,1.0,2025-09-26,344,False,False,False,False,False,False,False,False,False
WS/MP18100/2025-2026/173912,500000.0,2,1,0,0,0.0,91,365,1.0,1.0,2025-06-17,445,False,False,False,False,False,False,False,False,False
WS/MP18100/2025-2026/244225,300000.0,2,1,0,0,0.0,55,122,1.0,1.0,2026-03-24,165,False,False,False,False,False,False,False,False,False
WS/MP18100/2025-2026/241964,500000.0,1,1,0,0,0.0,101,,0.5,,2026-01-30,218,False,False,False,False,False,False,False,False,False
WS/MP18100/2026-2027/263129,75000.0,1,1,0,0,0.0,137,,0.5,,2026-08-19,17,False,False,False,False,False,False,False,False,False
WS/MP18101/2024-2025/139569,500000.0,2,1,0,0,0.0,24,367,1.0,1.0,2025-09-09,361,False,False,False,False,False,False,False,False,False
WS/MP18101/2024-2025/141644,198724.0,2,1,0,0,0.0,35,61,1.0,1.0,2025-01-15,598,False,False,False,False,False,False,False,False,False
WS/MP18101/2025-2026/182505,,0,0,0,0,0.0,37,,,,,,False,False,False,False,False,False,False,False,False
WS/MP18101/2025-2026/182530,999000.0,2,1,0,0,0.0,37,,0.999,,2026-05-19,109,False,False,False,False,False,False,False,False,False
WS/MP18101/2025-2026/185857,158036.0,2,1,0,0,0.0,29,123,1.0,1.0,2025-07-28,404,False,False,False,False,False,False,False,False,False
WS/MP18101/2025-2026/261580,581149.0,3,1,0,0,0.0,26,,0.5828976930792377,,2026-06-18,79,False,False,False,False,False,False,False,False,False
WS/MP18101/2026-2027/258049,199604.0,1,1,0,0,0.0,90,104,1.0,1.0,2026-04-22,136,False,False,False,False,False,False,False,False,False
WS/MP18101/2026-2027/287604,300000.0,1,1,0,0,0.0,48,,0.6,,2026-08-10,26,False,False,False,False,False,False,False,False,False
WS/MP653/2024-2025/153579,500000.0,1,1,0,0,0.0,28,,0.5,,2024-12-20,624,False,False,False,False,False,False,False,False,False
WS/MP653/2025-2026/155146,250000.0,1,1,0,0,0.0,127,,0.5,,2025-04-04,519,False,False,False,False,False,False,False,False,False
WS/MP653/2025-2026/189550,1000000.0,2,1,0,0,0.0,30,221,1.0,1.0,2025-11-14,295,False,False,False,False,False,False,False,False,False
WS/MP653/2025-2026/199616,900000.0,1,1,0,0,0.0,54,,0.6,,2025-07-30,402,False,False,False,False,False,False,False,False,False
WS/MP653/2025-2026/230472,500000.0,2,1,0,0,0.0,61,256,1.0,1.0,2026-07-02,65,False,False,False,False,False,False,False,False,False
WS/MP653/2025-2026/255393,500000.0,1,1,0,0,0.0,76,,0.5,,2026-03-10,179,False,False,False,False,False,False,False,False,False
WS/MP653/2026-2027/211361,600000.0,1,1,0,0,0.0,294,,0.6,,2026-06-30,67,False,False,False,False,False,False,False,False,False
WS/MP18102/2025-2026/186521,333670.0,7,3,0,0,0.0,90,324,0.834175,1.0,2026-02-12,205,False,False,False,False,False,True,True,False,False
WS/MP18102/2025-2026/186507,,0,0,0,0,0.0,112,,,,,,False,False,False,False,False,False,False,False,False
WS/MP18102/2025-2026/182452,1200000.0,2,1,0,0,0.0,171,,1.0,,2026-07-31,36,False,False,False,False,False,False,False,False,False
WS/MP18102/2025-2026/216643,999647.0,5,2,0,0,0.0,83,,0.999647,,2026-03-11,178,False,False,False,False,False,False,True,False,False
WS/MP18102/2025-2026/236608,,0,0,0,0,0.0,,,,,,,False,False,False,False,False,False,False,False,False
WS/MP18102/2025-2026/229822,,0,0,0,0,0.0,158,,,,,,False,False,False,False,False,False,False,False,False
WS/MP18102/2026-2027/290298,120000.0,1,1,0,0,0.0,34,,0.4616414430911511,,2026-08-10,26,False,False,False,False,False,False,False,False,False
WS/MP18102/2026-2027/286586,1248000.0,1,1,0,0,0.0,69,,0.5002004008016032,,2026-09-02,3,False,False,False,False,False,False,False,False,False
WS/MP18357/2024-2025/151500,999442.0,2,1,0,0,0.0,51,336,1.0,1.0,2025-10-10,330,False,False,False,False,False,False,False,False,False
WS/MP18357/2024-2025/160266,3184764.0,2,1,0,0,0.0,12,70,1.0,1.0,2025-02-27,555,False,False,False,False,False,False,False,False,False
WS/MP18357/2024-2025/146473,120000.0,1,1,0,0,0.0,139,,0.4,,2025-03-06,548,False,False,False,False,False,False,False,False,False
WS/MP18357/2024-2025/146474,128400.0,1,1,0,0,0.0,139,,0.4,,2025-03-05,549,False,False,False,False,False,False,False,False,False
WS/MP18357/2024-2025/157805,600000.0,1,1,0,0,0.0,87,,0.4,,2025-06-26,436,False,False,False,False,False,False,False,False,False
WS/MP18357/2024-2025/159339,300000.0,1,1,0,0,0.0,91,,0.6,,2025-04-04,519,False,False,False,False,False,False,False,False,False
WS/MP18357/2025-2026/262886,60000.0,1,1,0,0,0.0,13,13,1.0,1.0,2026-02-11,206,False,False,False,False,False,False,False,False,False
WS/MP18357/2026-2027/281916,,0,0,0,0,0.0,35,,,,,,False,False,False,False,False,False,False,False,False
WS/MP18103/2025-2026/178231,1163014.0,2,1,0,0,0.0,251,388,0.6744064946361265,0.6744064946361265,2026-03-24,165,False,False,False,False,False,False,False,False,False
WS/MP18103/2025-2026/178236,906753.0,2,1,0,0,0.0,251,436,0.9827159610751478,0.9827159610751478,2026-05-11,117,False,False,False,False,False,False,False,False,False
WS/MP18103/2025-2026/224380,643010.0,2,1,0,0,0.0,108,,0.9984627329192547,,2026-06-11,86,False,False,False,False,False,False,False,False,False
WS/MP18103/2025-2026/238995,579058.0,1,1,0,0,0.0,52,,0.996657487091222,,2026-05-25,103,False,False,False,False,False,False,False,False,False
WS/MP18103/2026-2027/285503,,0,0,0,0,0.0,65,,,,,,False,False,False,False,False,False,False,False,False
WS/MP18103/2026-2027/286996,,0,0,0,0,0.0,63,,,,,,False,False,False,False,False,False,False,False,False
WS/MP18104/2025-2026/152190,95000.0,1,1,0,0,0.0,125,,0.8260869565217391,,2025-05-28,465,False,False,False,False,False,False,False,False,False
WS/MP18104/2025-2026/161488,95000.0,1,1,0,0,0.0,119,398,1.0,1.0,2025-05-26,467,False,False,False,False,False,False,False,False,False
WS/MP18104/2025-2026/209879,299973.0,2,1,0,0,0.0,66,190,1.0,1.0,2025-12-29,250,False,False,False,False,False,False,False,False,False
WS/MP18104/2025-2026/222746,150000.0,2,1,0,0,0.0,70,,1.0,,2026-02-19,198,False,False,False,False,False,False,False,False,False
WS/MP18104/2026-2027/255527,245000.0,1,1,0,0,0.0,93,,0.7,,2026-05-20,108,False,False,False,False,False,False,False,False,False
WS/MP18104/2026-2027/280157,,0,0,0,0,0.0,22,,,,,,False,False,False,False,False,False,False,False,False
WS/MP650/2025-2026/177535,2000000.0,1,1,0,0,0.0,72,308,1.0,1.0,2025-10-10,330,False,False,False,False,False,False,False,False,False
WS/MP650/2025-2026/167397,,0,0,0,0,0.0,111,,,,,,False,False,False,False,False,False,False,False,False
WS/MP650/2025-2026/217142,,0,0,0,0,0.0,116,,,,,,False,False,False,False,False,False,False,False,False
WS/MP650/2025-2026/236763,159212.0,1,1,0,0,0.0,39,63,1.0,1.0,2025-12-01,278,False,False,False,False,False,False,False,False,False
WS/MP650/2025-2026/206645,1000000.0,1,1,0,0,0.0,182,,1.0,,2026-07-15,52,False,False,False,False,False,False,False,False,False
WS/MP650/2025-2026/270879,494996.0,5,4,0,0,0.0,14,,0.989992,,2026-07-08,59,False,False,False,False,False,False,True,False,False
WS/MP18105/2025-2026/213660,163424.0,1,1,0,0,0.0,51,,1.0,,2025-08-22,379,False,False,False,False,False,False,False,False,False
WS/MP18105/2025-2026/185674,179205.0,1,1,0,0,0.0,190,,0.9792622950819672,,2026-07-27,40,False,False,False,False,False,False,False,False,False
WS/MP18105/2025-2026/185726,233596.0,1,1,0,0,0.0,201,,0.9733166666666667,,2026-04-24,134,False,False,False,False,False,False,False,False,False
WS/MP18105/2025-2026/185737,233065.0,1,1,0,0,0.0,201,386,1.0,1.0,2026-02-20,197,False,False,False,False,False,False,False,False,False
WS/MP18105/2025-2026/187036,212281.0,1,1,0,0,0.0,222,,0.9827824074074074,,2026-04-24,134,False,False,False,False,False,False,False,False,False
WS/MP18105/2026-2027/253350,,0,0,0,0,0.0,125,,,,,,False,False,False,False,False,False,False,False,False
WS/MP446/2024-2025/156590,1500000.0,2,1,0,0,0.0,45,347,1.0,1.0,2025-11-14,295,False,False,False,False,False,False,False,False,False
WS/MP446/2025-2026/229240,720000.0,1,1,0,0,0.0,57,,0.6,,2026-02-13,204,False,False,False,False,False,False,False,False,False
WS/MP446/2025-2026/248095,1260000.0,1,1,0,0,0.0,33,,0.6,,2026-05-12,116,False,False,False,False,False,False,False,False,False
WS/MP446/2026-2027/277199,,0,0,0,0,0.0,50,,,,,,False,False,False,False,False,False,False,False,False
WS/MP446/2026-2027/260526,,0,0,0,0,0.0,156,,,,,,False,False,False,False,False,False,False,False,False
WS/MP446/2026-2027/288636,500000.0,2,1,0,0,0.0,35,,1.0,,2026-09-03,2,False,False,False,False,False,False,False,False,False
WS/MP446/2026-2027/286961,,0,0,0,0,0.0,,,,,,,False,False,False,False,False,False,False,False,False
WS/MP446/2026-2027/288492,,0,0,0,0,0.0,58,,,,,,False,False,False,False,False,False,False,False,False
WS/MP446/2026-2027/297671,,0,0,0,0,0.0,37,,,,,,False,False,False,False,False,False,False,False,False
WS/MP643/2024-2025/164048,,0,0,0,0,0.0,12,,,,,,False,False,False,False,False,False,False,False,False
WS/MP643/2024-2025/164772,190546.0,1,1,0,0,0.0,28,,1.0,,2025-02-08,574,False,False,False,False,False,False,False,False,False
WS/MP643/2025-2026/208818,190930.0,1,1,0,0,0.0,9,,1.0,,2025-06-27,435,False,False,False,False,False,False,False,False,False
WS/MP643/2025-2026/208711,364247.0,1,1,0,0,0.0,98,218,1.0,1.0,2026-01-23,225,False,False,False,False,False,False,False,False,False
WS/MP643/2025-2026/208613,632184.0,1,1,0,0,0.0,118,184,1.0,1.0,2025-12-23,256,False,False,False,False,False,False,False,False,False
WS/MP643/2025-2026/258926,,0,0,0,0,0.0,24,,,,,,False,False,False,False,False,False,False,False,False
WS/MP641/2024-2025/143281,1500000.0,3,1,0,0,0.0,3,234,1.0,1.0,2025-05-16,477,False,False,False,False,False,False,False,False,False
WS/MP641/2024-2025/133909,150000.0,1,1,0,0,0.0,92,,0.6,,2024-12-03,641,False,False,False,False,False,False,False,False,False
WS/MP641/2025-2026/228939,400000.0,2,1,0,0,0.0,63,105,0.8,0.8,2026-06-21,76,False,False,False,False,False,False,False,False,False
WS/MP641/2025-2026/256100,159212.0,2,1,0,0,0.0,35,,1.0,,2026-05-12,116,False,False,False,False,False,False,False,False,False
WS/MP641/2026-2027/258153,,0,0,0,0,0.0,95,,,,,,False,False,False,False,False,False,False,False,False
WS/MP641/2026-2027/281877,100000.0,1,1,0,0,0.0,34,,0.5,,2026-06-21,76,False,False,False,False,False,False,False,False,False
WS/MP640/2025-2026/164834,497284.0,2,1,0,0,0.0,90,,0.994568,,2026-06-23,74,False,False,False,False,False,False,False,False,False
WS/MP640/2025-2026/165549,150000.0,1,1,0,0,0.0,91,,1.0,,2025-05-13,480,False,False,False,False,False,False,False,False,False
WS/MP640/2025-2026/165579,,0,0,0,0,0.0,335,,,,,,False,False,False,False,False,False,False,False,False
WS/MP640/2026-2027/270692,,0,0,0,0,0.0,78,,,,,,False,False,False,False,False,False,False,False,False
WS/MP640/2026-2027/274761,,0,0,0,0,0.0,133,,,,,,False,False,False,False,False,False,False,False,False
WS/MP640/2026-2027/270715,,0,0,0,0,0.0,154,,,,,,False,False,False,False,False,False,False,False,False
WS/MP356/2024-2025/140604,400000.0,1,1,0,0,0.0,87,,1.0,,2024-12-09,635,False,False,False,False,False,False,False,False,False
WS/MP356/2025-2026/156428,750000.0,2,2,0,0,0.0,134,615,1.0,1.0,2025-07-28,404,False,False,False,False,False,False,True,False,False
WS/MP356/2025-2026/145730,150000.0,2,1,0,0,0.0,265,475,1.0,1.0,2026-01-23,225,False,False,False,False,False,False,False,False,False
WS/MP356/2026-2027/233331,,0,0,0,0,0.0,333,,,,,,False,False,False,False,False,False,False,False,False
WS/MP356/2026-2027/283752,125000.0,1,1,0,0,0.0,78,,0.5,,2026-08-20,16,False,False,False,False,False,False,False,False,False
WS/MP356/2026-2027/284081,,0,0,0,0,0.0,84,,,,,,False,False,False,False,False,False,False,False,False
WS/MP356/2026-2027/294917,,0,0,0,0,0.0,36,,,,,,False,False,False,False,False,False,False,False,False
WS/MP18106/2024-2025/147204,,0,0,0,0,0.0,51,,,,,,False,False,False,False,False,False,False,False,False
WS/MP18106/2024-2025/146922,800000.0,2,1,0,0,0.0,66,,1.0,,2025-11-13,296,False,False,False,False,False,False,False,False,False
WS/MP18106/2024-2025/178283,166026.0,2,1,0,0,0.0,17,223,1.0,1.0,2025-06-01,461,False,False,False,False,False,False,False,False,False
WS/MP18106/2025-2026/178280,81712.0,1,1,0,0,0.0,187,,0.5,,2025-10-29,311,False,False,False,False,False,False,False,False,False
WS/MP18106/2026-2027/276974,,0,0,0,0,0.0,137,,,,,,False,False,False,False,False,False,False,False,False
WS/MP18106/2026-2027/276976,,0,0,0,0,0.0,137,,,,,,False,False,False,False,False,False,False,False,False
WS/MP443/2024-2025/138721,16176660.0,2,1,0,0,0.0,70,322,0.9999743464130567,0.9999743464130567,2025-07-22,410,False,False,False,False,False,False,False,False,False
WS/MP443/2025-2026/142913,387988.0,1,1,0,0,0.0,210,270,1.0,1.0,2025-06-20,442,False,False,False,False,False,False,False,False,False
WS/MP443/2025-2026/140012,100000.0,1,1,0,0,0.0,229,,1.0,,2025-04-29,494,False,False,False,False,False,False,False,False,False
WS/MP443/2025-2026/227643,940710.0,2,1,0,0,0.0,110,,0.9967925385992072,,2026-04-24,134,False,False,False,False,False,False,False,False,False
WS/MP443/2025-2026/274165,150000.0,1,1,0,0,0.0,12,,0.5,,2026-03-25,164,False,False,False,False,False,False,False,False,False
WS/MP443/2026-2027/287310,,0,0,0,0,0.0,63,,,,,,False,False,False,False,False,False,False,False,False
WS/MP18107/2024-2025/163537,1909136.0,1,1,0,0,0.0,44,453,1.0,1.0,2026-04-16,142,False,False,False,False,False,False,False,False,False
WS/MP18107/2024-2025/163605,300000.0,2,1,0,0,0.0,57,,1.0,,2026-06-19,78,False,False,False,False,False,False,False,False,False
WS/MP18107/2025-2026/231836,159200.0,2,1,0,0,0.0,25,145,1.0,1.0,2026-02-10,207,False,False,False,False,False,False,False,False,False
WS/MP18107/2025-2026/225993,,0,0,0,0,0.0,81,,,,,,False,False,False,False,False,False,False,False,False
WS/MP18107/2025-2026/267399,478000.0,1,1,0,0,0.0,16,,0.49987921328632934,,2026-04-02,156,False,False,False,False,False,False,False,False,False
WS/MP18107/2026-2027/270239,,0,0,0,0,0.0,38,,,,,,False,False,False,False,False,False,False,False,False
WS/MP644/2024-2025/151117,1036320.0,1,1,0,0,0.0,72,,0.5940498710232158,,2025-03-28,526,False,False,False,False,False,False,False,False,False
WS/MP644/2024-2025/151160,1381760.0,1,1,0,0,0.0,72,,0.9900831183720263,,2025-03-28,526,False,False,False,False,False,False,False,False,False
WS/MP644/2024-2025/151376,1125327.0,1,1,0,0,0.0,78,169,1.0,1.0,2025-04-25,498,False,False,False,False,False,False,False,False,False
WS/MP644/2025-2026/177084,500000.0,1,1,0,0,0.0,37,,1.0,,2025-04-02,521,False,False,False,False,False,False,False,False,False
WS/MP644/2025-2026/177086,160761.0,1,1,0,0,0.0,37,,1.0,,2025-04-25,498,False,False,False,False,False,False,False,False,False
WS/MP644/2025-2026/221029,2036320.0,1,1,0,0,0.0,211,,1.0,,2026-02-23,194,False,False,False,False,False,False,False,False,False
WS/MP18108/2024-2025/143814,124937.0,1,1,0,0,0.0,86,348,0.999496,0.999496,2025-03-18,536,False,False,False,False,False,False,False,False,False
WS/MP18108/2024-2025/151874,700000.0,2,1,0,0,0.0,40,340,1.0,1.0,2025-04-29,494,False,False,False,False,False,False,False,False,False
WS/MP18108/2025-2026/205872,2599420.0,1,1,0,0,0.0,32,73,1.0,1.0,2025-08-14,387,False,False,False,False,False,False,False,False,False
WS/MP18108/2025-2026/222843,499653.0,2,1,0,0,0.0,28,,0.999306,,2026-05-20,108,False,False,False,False,False,False,False,False,False
WS/MP18108/2025-2026/262014,112500.0,1,1,0,0,0.0,50,,0.75,,2026-03-31,158,False,False,False,False,False,False,False,False,False
WS/MP18108/2026-2027/288582,150229.0,1,1,0,0,0.0,55,63,1.0,1.0,2026-08-27,9,False,False,False,False,False,False,False,False,False
WS/MP642/2025-2026/196571,500000.0,2,1,0,0,0.0,40,,1.0,,2025-07-18,414,False,False,False,False,False,False,False,False,False
WS/MP642/2025-2026/200939,499400.0,2,1,0,0,0.0,121,,0.9988,,2026-07-21,46,False,False,False,False,False,False,False,False,False
WS/MP642/2025-2026/229116,400000.0,1,1,0,0,0.0,4,,0.8,,2025-10-14,326,False,False,False,False,False,False,False,False,False
WS/MP642/2025-2026/195930,163424.0,1,1,0,0,0.0,190,,1.0,,2025-11-18,291,False,False,False,False,False,False,False,False,False
WS/MP642/2025-2026/196610,,0,0,0,0,0.0,325,,,,,,False,False,False,False,False,False,False,False,False
WS/MP642/2026-2027/197125,,0,0,0,0,0.0,418,,,,,,False,False,False,False,False,False,False,False,False
WS/MP642/2026-2027/199817,291965.0,1,1,0,0,0.0,400,,0.979748322147651,,2026-08-27,9,False,False,False,False,False,False,False,False,False
WS/MP654/2024-2025/151713,1486300.0,2,1,0,0,0.0,23,,0.9908666666666667,,2025-11-14,295,False,False,False,False,False,False,False,False,False
WS/MP654/2025-2026/178969,198723.0,1,1,0,0,0.0,65,329,1.0,1.0,2025-11-21,288,False,False,False,False,False,False,False,False,False
WS/MP654/2025-2026/224999,1000000.0,2,1,0,0,0.0,162,,1.0,,2026-07-21,46,False,False,False,False,False,False,False,False,False
WS/MP654/2025-2026/245830,500000.0,1,1,0,0,0.0,114,,0.5,,2026-03-09,180,False,False,False,False,False,False,False,False,False
WS/MP654/2026-2027/273966,1250000.0,1,1,0,0,0.0,75,,0.5,,2026-05-29,99,False,False,False,False,False,False,False,False,False
WS/MP654/2026-2027/263728,,0,0,0,0,0.0,139,,,,,,False,False,False,False,False,False,False,False,False
WS/MP654/2026-2027/279075,,0,0,0,0,0.0,58,,,,,,False,False,False,False,False,False,False,False,False
WS/MP654/2026-2027/282746,,0,0,0,0,0.0,35,,,,,,False,False,False,False,False,False,False,False,False
WS/MP654/2026-2027/282760,,0,0,0,0,0.0,35,,,,,,False,False,False,False,False,False,False,False,False
WS/MP18109/2024-2025/150174,259942.0,1,1,0,0,0.0,97,316,1.0,1.0,2025-05-09,484,False,False,False,False,False,False,False,False,False
WS/MP18109/2025-2026/206939,2495850.0,2,1,0,0,0.0,61,95,0.9987394957983193,0.9987394957983193,2025-09-09,361,False,False,False,False,False,False,False,False,False
WS/MP18109/2025-2026/150117,35000.0,1,1,0,0,0.0,282,,1.0,,2025-12-01,278,False,False,False,False,False,False,False,False,False
WS/MP18109/2025-2026/194278,892914.0,9,1,2,1,99180.0,145,,0.892914,,2026-01-03,245,False,False,False,False,False,True,False,True,True
WS/MP18109/2025-2026/246626,703185.0,1,1,0,0,0.0,19,89,1.0,1.0,2026-02-27,190,False,False,False,False,False,False,False,False,False
WS/MP18109/2025-2026/244367,1247500.0,1,1,0,0,0.0,4,,0.5,,2026-02-05,212,False,False,False,False,False,False,False,False,False
WS/MP18109/2025-2026/258874,700000.0,2,1,0,0,0.0,8,,1.0,,2026-07-27,40,False,False,False,False,False,False,False,False,False
WS/MP638/2024-2025/152565,2125000.0,2,1,0,0,0.0,83,,0.85,,2026-05-18,110,False,False,False,False,False,False,False,False,False
WS/MP638/2024-2025/152571,1000000.0,2,1,0,0,0.0,83,,1.0,,2026-06-30,67,False,False,False,False,False,False,False,False,False
WS/MP638/2024-2025/152570,1200000.0,2,1,0,0,0.0,95,411,1.0,1.0,2025-12-30,249,False,False,False,False,False,False,False,False,False
WS/MP638/2024-2025/152574,600000.0,1,1,0,0,0.0,133,,0.6,,2025-04-01,522,False,False,False,False,False,False,False,False,False
WS/MP638/2025-2026/236543,400000.0,2,1,0,0,0.0,98,,1.0,,2026-07-06,61,False,False,False,False,False,False,False,False,False
WS/MP638/2025-2026/236625,90000.0,1,1,0,0,0.0,165,,0.6,,2026-03-13,176,False,False,False,False,False,False,False,False,False
WS/MP360/2025-2026/167130,1098200.0,2,1,0,0,0.0,91,297,1.0,1.0,2025-11-14,295,False,False,False,False,False,False,False,False,False
WS/MP360/2025-2026/225235,500000.0,2,1,0,0,0.0,48,236,1.0,1.0,2026-03-17,172,False,False,False,False,False,False,False,False,False
WS/MP360/2025-2026/219075,,0,0,0,0,0.0,210,,,,,,False,False,False,False,False,False,False,False,False
WS/MP360/2026-2027/226519,,0,0,0,0,0.0,303,,,,,,False,False,False,False,False,False,False,False,False
WS/MP360/2026-2027/195057,,0,0,0,0,0.0,435,,,,,,False,False,False,False,False,False,False,False,False
WS/MP360/2026-2027/295381,1672640.0,1,1,0,0,0.0,21,,1.0,,2026-08-17,19,False,False,False,False,False,False,False,False,False
WS/MP360/2026-2027/295382,,0,0,0,0,0.0,22,,,,,,False,False,False,False,False,False,False,False,False
WS/MP18375/2025-2026/187775,500000.0,2,1,0,0,0.0,18,,1.0,,2026-02-03,214,False,False,False,False,False,False,False,False,False
WS/MP18375/2025-2026/187701,200000.0,2,2,0,0,0.0,25,,1.0,,2026-04-23,135,False,False,False,False,False,False,True,False,False
WS/MP18375/2025-2026/187698,1350000.0,1,1,0,0,0.0,26,,0.75,,2025-07-28,404,False,False,False,False,False,False,False,False,False
WS/MP18375/2025-2026/187760,1250000.0,2,1,0,0,0.0,257,353,1.0,1.0,2026-03-17,172,False,False,False,False,False,False,False,False,False
WS/MP18375/2025-2026/187690,400000.0,2,1,0,0,0.0,326,,1.0,,2026-07-28,39,False,False,False,False,False,False,False,False,False
WS/MP18375/2026-2027/187747,,0,0,0,0,0.0,461,,,,,,False,False,False,False,False,False,False,False,False
