work_id,lok_sabha,state,constituency,mp_name,work_category,work,work_description,ida,recommended_date,recommended_amount,sanction_date,sanction_amount,work_status,completion_date,amount_disbursed,data_notes
WS/MP765/2025-2026/232937,,Telangana,SECUNDERABAD,Kishan Reddy Gangapuram,Normal/Others,Construction of additional rooms and halls in the existing public and community building,"First floor building construction at Dr.Ambedkar Community Hall, Ahmed Nagar division.",HYDERABAD(DISTRICT COLLECTOR HYDERABAD_IDA),2025-09-11,1900000.0,2026-02-09,1900000.0,Sanction,,,
WS/MP770/2025-2026/241347,,Telangana,KARIMNAGAR,Sanjay Kumar Bandi,Normal/Others,Installing tube-wells and borewells,Drilling of Bore well and Pump set in Sy.No.1193 of Repaka (V) Illanthakunta (M),RAJANNA SIRCILLA(DISTRICT COLLECTOR RAJANNA SIRCILLA_IDA),2025-10-10,200000.0,2026-03-09,200000.0,Sanction,,,
WS/MP18386/2025-2026/229827,,Telangana,NALGONDA,KUNDURU RAGHUVEER,Normal/Others,Construction of bus-sheds or bus-stops,Bus Stand construction at Gurrampode Village (Bit-1),NALGONDA(DISTRICT COLLECTOR NALGONDA),2025-08-28,400000.0,2025-11-20,400000.0,Sanction,,,
WS/MP18193/2025-2026/149453,,Telangana,MALKAJGIRI,EATALA RAJENDER,Normal/Others,Providing drains and gutters for public drainage,"Laying of 300 mm dia SWG main line from H.No. 2-10-175/1 to 2-10-175/15, Hare Krishna Colony under Macha Bollaram Section.",MEDCHAL MALKAJGIRI(DISTRICT COLLECTOR MEDCHAL MALKAJGIRI_IDA),2024-10-25,1000000.0,2025-12-16,1000000.0,Physical Inspection,2026-02-05,,
WS/MP18386/2025-2026/220050,,Telangana,NALGONDA,KUNDURU RAGHUVEER,Repair and Renovation,"Construction of Government office buildings (Post office, Police station, Police chauki, etc.)",Renovation and repair of R B Guest House at Prakasham Bazar Nalgonda,NALGONDA(DISTRICT COLLECTOR NALGONDA),2025-07-19,398401.0,2025-11-12,398401.0,Physical Inspection,2025-12-12,398401.0,
WS/MP18338/2025-2026/220045,,Telangana,BHONGIR,CHAMALA KIRAN KUMAR REDDY,Normal/Others,Construction of community centers and community halls,Balance work for community Hall of D REPAKA GP in Addagudur Mandal of Yadadri Bhongir District,YADADRI BHUVANAGIRI(DISTRICT COLLECTOR YADADRI BHUVANAGIRI_IDA),2025-07-19,500000.0,2025-08-30,500000.0,Physical Inspection,,,
WS/MP18389/2025-2026/213468,,Telangana,WARANGEL(SC),KADIYAM KAVYA,Trust and Society,Setting up of laboratories,SRTTING UP OF SCIENCE LABORATORY AT ZPHS THIMMAMPET VILLAGE OF ZAFFERGADH MANDAL,JANGOAN(DISTRICT COLLECTOR JANGAON_IDA),2025-06-30,356370.0,2026-02-12,356370.0,Work Completed,2026-02-12,356370.0,
WS/MP18188/2025-2026/219358,,Telangana,CHELVELLA,KONDA VISHWESHWAR REDDY,Normal/Others,"Construction of roads, link roads, pathways or any other road with or without drainage system","Laying of CC Road from Chirapagari Prashanth (H) to Doddi Mallesham (H) at Parveda Village, Shankerpally Mandal",RANGA REDDY(DISTRICT COLLECTOR RANGAREDDY_IDA),2025-07-17,211830.0,2025-08-19,211830.0,Physical Inspection,2026-05-04,211830.0,
WS/MP770/2026-2027/188830,,Telangana,KARIMNAGAR,Sanjay Kumar Bandi,Normal/Others,Installing tube-wells and borewells,Drilling of Bore well and Pump set Near H.No. 2-50 by 1 of Kannaram (V) of Valair (M),HANUMAKONDA(DISTRICT COLLECTOR HANUMAKONDA_IDA),2025-04-02,200000.0,2026-06-24,200000.0,Physical Inspection,,,
WS/MP18191/2025-2026/234927,,Telangana,MAHABUBNAGAR,ARUNA. D. K,Normal/Others,Construction of common work sheds/ common covered sitting area,Construction of common work shed near Thirumalanatha Swamy Temple at Thirumaladevunipalle (V) of Thirumalapur GP,Narayanpet(DISTRICT COLLECTOR NARAYANPET_IDA),2025-09-17,1000000.0,2026-01-17,1000000.0,Physical Inspection,,,
WS/MP18191/2025-2026/185795,,Telangana,MAHABUBNAGAR,ARUNA. D. K,Normal/Others,Lighting of public spaces,Erection of High Mast with LED Flood Lights at Pedripahad (V),Narayanpet(DISTRICT COLLECTOR NARAYANPET_IDA),2025-03-24,250000.0,2025-06-24,250000.0,Work Completed,2025-07-02,249771.0,
WS/MP18187/2025-2026/189988,,Telangana,ADILABAD(ST),GODAM NAGESH,Normal/Others,Construction of community centers and community halls,Construction of Community Hall at Naikpod Colony Gundampalle village,Nirmal(DISTRICT COLLECTOR NIRMAL_3),2025-04-08,500000.0,2025-07-15,500000.0,Time Estimation,,,
WS/MP18194/2025-2026/236886,,Telangana,ZAHIRABAD,SURESH KUMAR SHETKAR,Normal/Others,"Purchase of prosthetics, wheel chairs, tricycles (manual or motorized), elect scooties, hearing aids","Purchase of Tri scooter or Three wheeler Scooter for Mr.Chakali Betaiah, son of Chakali Durgaiah,, Kollapalle Village, Shankarampet A Mandal, Medak district",MEDAK(COLLECTOR MEDAK DISTRICT),2025-09-23,138221.0,2026-01-31,138221.0,Work Completed,2026-05-02,130165.0,
WS/MP18190/2025-2026/192020,,Telangana,MAHABUBABAD,BALRAM NAIK PORIKA,Normal/Others,Improvement of electricity distribution infrastructure,"Execution of ORC Work load of 1KW- E S GP Secretary, B.Krishna, Parvathamma Gudem",MAHABUBABAD(DISTRICT COLLECTOR MAHABUBABAD_IDA),2025-04-19,137963.0,2025-07-24,137963.0,Vendor Identification,,,
WS/MP18191/2025-2026/248726,,Telangana,MAHABUBNAGAR,ARUNA. D. K,Normal/Others,Lighting of public spaces,Erection of High Mast with LED Flood Lights near Bus stand in Jakaram (V),RANGA REDDY(DISTRICT COLLECTOR RANGAREDDY_IDA),2025-11-17,249260.0,2025-12-20,249260.0,Physical Inspection,2026-08-07,249260.0,
WS/MP18189/2026-2027/260080,,Telangana,KHAMMAM,RAMASAHAYAM RAGHURAM REDDY,Normal/Others,"Construction of roads, link roads, pathways or any other road with or without drainage system","Construction of CC Road from Paddam Narayana house to Tejavath Babu house, Gurramgudem",BHADRADRI KOTHAGUDEM(District Collector Bhadradri Ktdm_IDA),2026-02-28,500000.0,2026-08-17,500000.0,Sanction,,,
WS/MP18190/2026-2027/212746,,Telangana,MAHABUBABAD,BALRAM NAIK PORIKA,Normal/Others,Street lights,Installation of 6 arms High mast flood light at Akula Yakaiah house in Nellikudur GP,MAHABUBABAD(DISTRICT COLLECTOR MAHABUBABAD_IDA),2025-06-26,175000.0,2026-05-15,175000.0,Work partially Completed,,,
WS/MP18386/2024-2025/160114,,Telangana,NALGONDA,KUNDURU RAGHUVEER,Trust and Society,"Construction of rooms and facilities for hospitals, FWC , PHC Centers and ANM centers","Procurement and Supply of Phaco Machine to TKV Rangacharyulu & Ranganayakamma Lions Eye Hospital, Miryalaguda",NALGONDA(DISTRICT COLLECTOR NALGONDA),2024-12-19,3870000.0,2024-12-23,3870000.0,Physical Inspection,2025-08-04,3870000.0,
WS/MP770/2025-2026/181185,,Telangana,KARIMNAGAR,Sanjay Kumar Bandi,Normal/Others,Purchase of hospital equipment,"Supply of Care Stream Focus 35C Machine to Government General Hospital, Karimnagar",KARIMNAGAR(DISTRICT COLLECTOR KARIMNAGAR_IDA),2025-03-12,1050000.0,2025-05-14,1050000.0,Vendor Identification,,,
WS/MP18393/2026-2027/169149,,Telangana,MEDAK,MADHAVANENI RAGHUNANDAN RAO,Normal/Others,Construction of boundary walls of existing public and community buildings,Construction of Compound wall to Reddy Community Hall in ward no 14 in Dubbak Municipality,SIDDIPET(District Collector Siddipet_IDA),2025-01-28,500000.0,2026-06-24,500000.0,Physical Inspection,2026-08-14,493131.0,
WS/MP762/2025-2026/200885,,Telangana,HYDERABAD,Asaduddin Owaisi,Normal/Others,Construction of community centers and community halls,"Construction of Multipurpose Community Hall in 1sr Floor at Press Colony, Champapet in Yakutpura, Assembly Constituency",HYDERABAD(DISTRICT COLLECTOR HYDERABAD_IDA),2025-05-19,5120000.0,2025-07-11,5120000.0,Vendor Identification,,,
WS/MP18193/2026-2027/188611,,Telangana,MALKAJGIRI,EATALA RAJENDER,Normal/Others,Installing tube-wells and borewells,"Drilling of Borewell with motor, near Siddhi Vinayaka Temple, Yadav Nagar, Gouthamnagar, Division No. 141, Malkajgiri Circle-28, Secunderabad Zone",MEDCHAL MALKAJGIRI(DISTRICT COLLECTOR MEDCHAL MALKAJGIRI_IDA),2025-04-01,350000.0,2026-04-16,350000.0,Physical Inspection,2026-07-23,334245.0,
WS/MP18188/2025-2026/222527,,Telangana,CHELVELLA,KONDA VISHWESHWAR REDDY,Normal/Others,"Construction of roads, link roads, pathways or any other road with or without drainage system",Laying of CC Road from Old Grampanchayat to Mosque at Debbadaguda (V) of Kandukur (M),RANGA REDDY(DISTRICT COLLECTOR RANGAREDDY_IDA),2025-07-26,500000.0,2025-08-19,500000.0,Work Completed,2026-03-05,,
WS/MP18194/2026-2027/299772,,Telangana,ZAHIRABAD,SURESH KUMAR SHETKAR,Repair and Renovation,Crematoriums/energy efficient crematoriums or structures on burial/cremation ground,Construction of Compound wall to Grave Yard to Munnurkapu Sangam at Old Pothangal in Pothangal Village of Pothangal Mandal,NIZAMABAD(DISTRICT COLLECTOR NIZAMABAD_IDA),2026-07-29,500000.0,2026-08-03,500000.0,Physical Inspection,,,
WS/MP18192/2026-2027/277608,,Telangana,NAGARKURNOOL(SC),DR.MALLU RAVI,Normal/Others,Lighting of public spaces,Providing High Mast Light 01 No,JOGULAMBA GADWAL(DISTRICT COLLECTOR JOGULAMBA GADWAL_IDA),2026-04-08,200000.0,2026-06-16,200000.0,Work partially Completed,,,
WS/MP18389/2024-2025/163828,,Telangana,WARANGEL(SC),KADIYAM KAVYA,Repair and Renovation,Construction of rooms and halls in school and colleges,REPAIRS TO ZPHS GIRLS HIGH SCHOOL,HANUMAKONDA(DISTRICT COLLECTOR HANUMAKONDA_IDA),2025-01-07,500000.0,2025-02-04,500000.0,Sanction,,,
WS/MP18388/2026-2027/182835,,Telangana,PEDDAPALLE,VAMSI KRISHNA GADDAM,Repair and Renovation,Providing drains and gutters for public drainage,Underground Drain from Komurvelli Santohs (H) to Sukka Srinu (H),PEDDAPALLI(District Collector Peddapally_IDA),2025-03-20,500000.0,2026-08-04,500000.0,Sanction,,,
WS/MP18189/2026-2027/260078,,Telangana,KHAMMAM,RAMASAHAYAM RAGHURAM REDDY,Normal/Others,"Construction of roads, link roads, pathways or any other road with or without drainage system","Construction of CC Road from Chikati Murali house to Chikati Veerabhadram house, Asannapadu, Nacharam G P",BHADRADRI KOTHAGUDEM(District Collector Bhadradri Ktdm_IDA),2026-02-28,500000.0,2026-08-17,500000.0,Work partially Completed,,,
WS/MP18386/2025-2026/210955,,Telangana,NALGONDA,KUNDURU RAGHUVEER,Normal/Others,"Construction of roads, link roads, pathways or any other road with or without drainage system",Laying of CC Road at Lattupalli Srinivas Reddy to Kumbam Laxmaiah House,NALGONDA(DISTRICT COLLECTOR NALGONDA),2025-06-21,500000.0,2025-07-31,500000.0,Physical Inspection,2025-10-07,500000.0,
WS/MP18188/2025-2026/208337,,Telangana,CHELVELLA,KONDA VISHWESHWAR REDDY,Normal/Others,Providing drains and gutters for public drainage,Construction of Underground Drainage from D.Ramulu House to V.Narayana Reddy House in Baspally GP of Doma Mandal,VIKARABAD(DISTRICT COLLECTOR VIKARABAD_2),2025-06-12,500000.0,2025-06-28,500000.0,Physical Inspection,,,
WS/MP18389/2026-2027/161132,,Telangana,WARANGEL(SC),KADIYAM KAVYA,Repair and Renovation,Providing supply pipelines for drinking water,"Repairs to Drinking water pipeline, Rangaraopalle H/o Kondapur Village of Ghanpur Mulugu Mandal",JAYASHANKAR BHUPALAPALLY(DISTRICT COLLECTOR JAYASHANKAR BHUPALPALLY_IDA),2024-12-23,200000.0,2026-05-13,200000.0,Physical Inspection,2026-08-05,199222.0,
WS/MP18193/2026-2027/280672,,Telangana,MALKAJGIRI,EATALA RAJENDER,Normal/Others,Installing tube-wells and borewells,"Drilling of Borewell with motor at near Hanuman Temple Bogaram,, Keesara Mandal Nagaram Old Municipality Now merged into Ghatkesar Circle of MMC",MEDCHAL MALKAJGIRI(DISTRICT COLLECTOR MEDCHAL MALKAJGIRI_IDA),2026-05-14,400000.0,2026-08-25,400000.0,Sanction,,,
WS/MP18193/2025-2026/219872,,Telangana,MALKAJGIRI,EATALA RAJENDER,Normal/Others,Construction of community centers and community halls,"Construction of Community Hall at Swamy Vivekananda Welfare Association, 129- Suraram Division (GHMC), Medchal-Malkajgiri Dist.",MEDCHAL MALKAJGIRI(DISTRICT COLLECTOR MEDCHAL MALKAJGIRI_IDA),2025-07-18,1000000.0,2026-01-13,1000000.0,Work partially Completed,,,
WS/MP18192/2025-2026/192696,,Telangana,NAGARKURNOOL(SC),DR.MALLU RAVI,Normal/Others,Lighting of public spaces,Erection of High Mast with LED Flood Lights at Pebbeti Bhaskar Reddy House and Hanuman Temple,NAGARKURNOOL(DISTRICT COLLECTOR NAGARKURNOOL_IDA),2025-04-19,420000.0,2025-05-03,420000.0,Vendor Identification,,,
WS/MP18188/2025-2026/204119,,Telangana,CHELVELLA,KONDA VISHWESHWAR REDDY,Normal/Others,Installing tube-wells and borewells,"Drilling of Bore well and Single Phase Motor at Hanuman Temple near Konda Bala Krishna Reddy Function Hall, Vikarabad Municipality, Vikarabad District",VIKARABAD(DISTRICT COLLECTOR VIKARABAD_2),2025-05-27,200000.0,2025-06-21,200000.0,Vendor Identification,,,
WS/MP761/2026-2027/191976,,Telangana,NIZAMABAD,Arvind Dharmapuri,Normal/Others,Construction of community centers and community halls,Construction of community hall at komatikondapur (V),Jagitial(DISTRICT COLLECTOR JAGTIAL_IDA),2025-05-16,300000.0,2026-08-17,300000.0,Sanction,,,
WS/MP18388/2025-2026/188590,,Telangana,PEDDAPALLE,VAMSI KRISHNA GADDAM,Normal/Others,"Construction of roads, link roads, pathways or any other road with or without drainage system",CC Road from Kanukuntla sadaiah (H) to Kanukuntla pedda pocham (H),PEDDAPALLI(District Collector Peddapally_IDA),2025-04-01,500000.0,2025-08-29,500000.0,Vendor Identification,,,
WS/MP18386/2025-2026/234902,,Telangana,NALGONDA,KUNDURU RAGHUVEER,Normal/Others,"Construction of roads, link roads, pathways or any other road with or without drainage system",Construction of CC Road work infront of Dinning hall,SURYAPET(DISTRICT COLLECTOR SURYAPET),2025-09-17,500000.0,2026-01-27,500000.0,Work Completed,2026-04-17,499017.0,
WS/MP18389/2025-2026/185705,,Telangana,WARANGEL(SC),KADIYAM KAVYA,Normal/Others,Installing tube-wells and borewells,DRILLING OF BOREWELL AND FIXING OF MOTOR AT SAIPET VILLAGE OF DARMASAGAR MANDAL,HANUMAKONDA(DISTRICT COLLECTOR HANUMAKONDA_IDA),2025-03-23,297566.0,2025-07-24,297566.0,Physical Inspection,2025-12-02,297566.0,
WS/MP18189/2025-2026/163129,,Telangana,KHAMMAM,RAMASAHAYAM RAGHURAM REDDY,Normal/Others,Purchase of hospital equipment,"Mortuary dead body freezer box (capacity of 6 boxes) at Government General Hospital, Khammam",KHAMMAM(DISTRICT COLLECTOR KHAMMAM_IDA),2025-05-13,800000.0,2025-05-14,800000.0,Vendor Identification,,,
WS/MP18190/2026-2027/186752,,Telangana,MAHABUBABAD,BALRAM NAIK PORIKA,Normal/Others,"Construction of roads, link roads, pathways or any other road with or without drainage system",Laying of CC Road from Amgoth Uma house to Bichani house beisde MLA Camp office,MAHABUBABAD(DISTRICT COLLECTOR MAHABUBABAD_IDA),2025-03-26,335000.0,2026-09-02,335000.0,Physical Inspection,,,
WS/MP18187/2026-2027/257694,,Telangana,ADILABAD(ST),GODAM NAGESH,Normal/Others,"Construction of roads, link roads, pathways or any other road with or without drainage system",Formation of Gravel Road Fraom R and B Road to SC Colony Pothapally village,KUMURAM BHEEM ASIFABAD(District Collector KB Asifabad_IDA),2026-01-06,500000.0,2026-08-28,500000.0,Work partially Completed,,,
WS/MP18190/2025-2026/162238,,Telangana,MAHABUBABAD,BALRAM NAIK PORIKA,Normal/Others,Installing tube-wells and borewells,Drilling of Borewell and Fixing of 5.0 HP pumpset near in front of Church at Chilukamma Nagar,WARANGAL(District Collector Warangal_IDA),2025-01-03,190000.0,2025-11-25,190000.0,Physical Inspection,2025-11-26,189724.0,
WS/MP770/2025-2026/225547,,Telangana,KARIMNAGAR,Sanjay Kumar Bandi,Repair and Renovation,Installing tube-wells and borewells,Drilling of Bore well and Pump set in Sy.No. 28 of Mothkurao peta (V) Bheemaram (M),Jagitial(DISTRICT COLLECTOR JAGTIAL_IDA),2025-08-06,200000.0,2025-08-30,200000.0,Sanction,,,
WS/MP18338/2024-2025/152399,,Telangana,BHONGIR,CHAMALA KIRAN KUMAR REDDY,Repair and Renovation,Street lights,PROVIDING OF STREET LIGHTS IN JAMPALLY VILLAGE,YADADRI BHUVANAGIRI(DISTRICT COLLECTOR YADADRI BHUVANAGIRI_IDA),2024-11-14,50000.0,2025-01-20,50000.0,Work Completed,2025-01-20,50000.0,
WS/MP18389/2026-2027/237044,,Telangana,WARANGEL(SC),KADIYAM KAVYA,Normal/Others,"Construction of roads, link roads, pathways or any other road with or without drainage system",LAYING OF CC ROAD FROM GUGULOTH RAVI LAND TO PWD ROAD AND MPPS SCHOOL TO B RAJU HOUSE AT ELUGUR STATION VILLAGE OF SANGEM MANDAL OF WARANGAL DISTRICT,WARANGAL(District Collector Warangal_IDA),2025-09-24,500000.0,2026-05-27,500000.0,Vendor Identification,,,
WS/MP770/2025-2026/188763,,Telangana,KARIMNAGAR,Sanjay Kumar Bandi,Repair and Renovation,Purchase of hospital equipment,Provide basic Amenities for Community Health Center Husnabad Municipality,SIDDIPET(District Collector Siddipet_IDA),2025-04-02,600000.0,2025-05-13,600000.0,Work Completed,2026-02-03,587102.0,
WS/MP770/2025-2026/233834,,Telangana,KARIMNAGAR,Sanjay Kumar Bandi,Normal/Others,Installing tube-wells and borewells,Drilling of Bore well and pump set in Sy.No.715 of Yellareddy Pet (V and M),RAJANNA SIRCILLA(DISTRICT COLLECTOR RAJANNA SIRCILLA_IDA),2025-09-14,200000.0,2025-11-14,200000.0,Work partially Completed,,,
WS/MP18389/2025-2026/228727,,Telangana,WARANGEL(SC),KADIYAM KAVYA,Repair and Renovation,Construction of community centers and community halls,REPAIRS AND RENOVATIONS TO MISSION BHAGIRATHA PROJECT MONITORING BUILDING AT PALAKURTHY VILLAGE AND MANDAL,JANGOAN(DISTRICT COLLECTOR JANGAON_IDA),2025-08-24,500000.0,2025-11-15,500000.0,Work Completed,2025-11-15,482651.0,
WS/MP18338/2024-2025/152451,,Telangana,BHONGIR,CHAMALA KIRAN KUMAR REDDY,Normal/Others,Street lights,PROVIDING OF STREET LIGHTS IN BALAMPALLY VILLAGE,YADADRI BHUVANAGIRI(DISTRICT COLLECTOR YADADRI BHUVANAGIRI_IDA),2024-11-14,50000.0,2025-01-30,50000.0,Work Completed,2025-01-30,50000.0,
WS/MP18393/2025-2026/160961,,Telangana,MEDAK,MADHAVANENI RAGHUNANDAN RAO,Repair and Renovation,Construction of additional rooms and halls in the existing public and community building,Construction of Grama Panchayat Building at Sangaipally Village,MEDAK(COLLECTOR MEDAK DISTRICT),2024-12-24,500000.0,2025-04-15,500000.0,Sanction,,,
WS/MP18187/2025-2026/219982,,Telangana,ADILABAD(ST),GODAM NAGESH,Normal/Others,"Construction of roads, link roads, pathways or any other road with or without drainage system",CC Road from Todasam Umesh (h) to Nytham Ganapathi(h),ADILABAD(DISTRICT COLLECTOR ADILABAD_IDA),2025-07-18,150000.0,2026-02-24,150000.0,Work partially Completed,,,
WS/MP18393/2024-2025/163263,,Telangana,MEDAK,MADHAVANENI RAGHUNANDAN RAO,Normal/Others,"Construction of roads, link roads, pathways or any other road with or without drainage system","Laying of CC Road and Under ground Drainage at Sri Nagar Colony, Ward no 2, Sangareddy",SANGAREDDY(District Collector Sangareddy_IDA),2025-01-02,1100000.0,2025-03-21,1100000.0,Physical Inspection,,,
WS/MP18187/2025-2026/219990,,Telangana,ADILABAD(ST),GODAM NAGESH,Normal/Others,Construction of culverts and bridges,Construction of CD work on Road from Dedra to Mankapur,ADILABAD(DISTRICT COLLECTOR ADILABAD_IDA),2025-07-18,200000.0,2025-12-06,200000.0,Physical Inspection,,,
WS/MP18189/2025-2026/184773,,Telangana,KHAMMAM,RAMASAHAYAM RAGHURAM REDDY,Normal/Others,"Construction of roads, link roads, pathways or any other road with or without drainage system","Construction of CC Road from Nallamothu Seethamma home to Thota Prakasham home, Nacharam, Enkoor Mandal",KHAMMAM(DISTRICT COLLECTOR KHAMMAM_IDA),2025-06-17,400000.0,2025-09-02,400000.0,Physical Inspection,2026-01-27,400000.0,
WS/MP18388/2025-2026/196276,,Telangana,PEDDAPALLE,VAMSI KRISHNA GADDAM,Normal/Others,"Construction of roads, link roads, pathways or any other road with or without drainage system",CC road from karra shivareddy (H) to Edha Odela (H) in BC colony,PEDDAPALLI(District Collector Peddapally_IDA),2025-05-03,499999.0,2026-01-05,499999.0,Work partially Completed,,,
WS/MP770/2025-2026/219289,,Telangana,KARIMNAGAR,Sanjay Kumar Bandi,Normal/Others,Installing tube-wells and borewells,Drilling of Bore well and Pump set in Sy.No. 216 of Thirumalapur (V) of Ramadugu (M),KARIMNAGAR(DISTRICT COLLECTOR KARIMNAGAR_IDA),2025-07-17,199108.0,2025-09-01,199108.0,Physical Inspection,2026-03-30,199108.0,
WS/MP18187/2025-2026/256521,,Telangana,ADILABAD(ST),GODAM NAGESH,Repair and Renovation,"Construction of Government office buildings (Post office, Police station, Police chauki, etc.)",Special repairs to MP Redressal Center Near ZP Quarters Ward No 38 Adilabad,ADILABAD(DISTRICT COLLECTOR ADILABAD_IDA),2025-12-31,300000.0,2026-03-10,300000.0,Work Completed,2026-03-13,299722.0,
WS/MP18393/2026-2027/186539,,Telangana,MEDAK,MADHAVANENI RAGHUNANDAN RAO,Normal/Others,"Construction of roads, link roads, pathways or any other road with or without drainage system",Laying of CC road in Rayapole village of Raipole Mandal,SIDDIPET(District Collector Siddipet_IDA),2025-03-26,1200000.0,2026-06-18,1200000.0,Work partially Completed,,,
WS/MP18393/2026-2027/290944,,Telangana,MEDAK,MADHAVANENI RAGHUNANDAN RAO,Normal/Others,Purchase of hospital equipment,Purchase of Dental Chairs to Narsapur Area Hospital,MEDAK(COLLECTOR MEDAK DISTRICT),2026-07-01,175500.0,2026-09-01,175500.0,Sanction,,,
WS/MP18386/2026-2027/271224,,Telangana,NALGONDA,KUNDURU RAGHUVEER,Repair and Renovation,Construction of community centers and community halls,"Community Hall Development at Indiramma Colony, Ward No. 3",NALGONDA(DISTRICT COLLECTOR NALGONDA),2026-02-26,500000.0,2026-07-14,500000.0,Work partially Completed,,,
WS/MP18190/2025-2026/161775,,Telangana,MAHABUBABAD,BALRAM NAIK PORIKA,Normal/Others,Installing tube-wells and borewells,Drilling of Bore well Near Maseed in Jhally(V),WARANGAL(District Collector Warangal_IDA),2024-12-27,45000.0,2026-01-13,45000.0,Physical Inspection,2026-01-17,,
WS/MP18389/2025-2026/156770,,Telangana,WARANGEL(SC),KADIYAM KAVYA,Normal/Others,Construction of additional rooms and halls in the existing public and community building,"Construction of additional room in the 1st floor of Mandal Samakya Building at Sangem (V) & (M), Warangal Dist.",WARANGAL(District Collector Warangal_IDA),2024-12-04,800000.0,2026-03-24,800000.0,Work Completed,2026-03-26,766270.0,
WS/MP18190/2025-2026/214156,,Telangana,MAHABUBABAD,BALRAM NAIK PORIKA,Normal/Others,Street lights,Installation of LED Street Lights in Ankannagudem GP,Mulugu(District Collector Mulugu_ida),2025-07-02,300000.0,2025-07-17,300000.0,Time Estimation,,,
WS/MP18393/2024-2025/154059,,Telangana,MEDAK,MADHAVANENI RAGHUNANDAN RAO,Normal/Others,Construction of public libraries and reading rooms,Construction of reading room at BC Wada,SIDDIPET(District Collector Siddipet_IDA),2024-11-22,500000.0,2025-02-01,500000.0,Work Completed,2025-10-17,499878.0,
WS/MP18187/2026-2027/294497,,Telangana,ADILABAD(ST),GODAM NAGESH,Normal/Others,Construction of community centers and community halls,Construction of Additional rooms and halls to Community hall at BC colony,Nirmal(DISTRICT COLLECTOR NIRMAL_3),2026-07-12,500000.0,2026-08-22,500000.0,Sanction,,,
WS/MP18189/2026-2027/261295,,Telangana,KHAMMAM,RAMASAHAYAM RAGHURAM REDDY,Normal/Others,"Construction of roads, link roads, pathways or any other road with or without drainage system",Construction of CC road from Eluri Venkateswarlu house to Kodari Venkateswarlu house,KHAMMAM(DISTRICT COLLECTOR KHAMMAM_IDA),2026-02-13,450000.0,2026-06-18,450000.0,Work partially Completed,,,
WS/MP18192/2025-2026/221310,,Telangana,NAGARKURNOOL(SC),DR.MALLU RAVI,Normal/Others,"Construction of roads, link roads, pathways or any other road with or without drainage system",Laying of CC Road from Vadde Ramesh to M balaiah house,NAGARKURNOOL(DISTRICT COLLECTOR NAGARKURNOOL_IDA),2025-07-23,400000.0,2025-08-07,400000.0,Time Estimation,,,
WS/MP18389/2025-2026/208782,,Telangana,WARANGEL(SC),KADIYAM KAVYA,Normal/Others,Street lights,Electrification Works- Installation of LED Street Lights,JANGOAN(DISTRICT COLLECTOR JANGAON_IDA),2025-06-13,200000.0,2026-01-20,200000.0,Sanction,,,
WS/MP18188/2025-2026/160104,,Telangana,CHELVELLA,KONDA VISHWESHWAR REDDY,Normal/Others,"Construction of roads, link roads, pathways or any other road with or without drainage system",Laying of CC Road from Anganwadi Centre to Edigi Gangappa House at Parwathpally Village of Basheerabad Mandal,VIKARABAD(DISTRICT COLLECTOR VIKARABAD_2),2024-12-19,125000.0,2025-06-20,125000.0,Work Completed,2025-10-29,124987.0,
WS/MP18193/2024-2025/144398,,Telangana,MALKAJGIRI,EATALA RAJENDER,Normal/Others,Construction of boundary walls of existing public and community buildings,Construction of Compound/Protection Wall to proposed Community Hall and Park at Sathya Nagar Citizens Welfare Association in Sy No. 1091 & 1092.,MEDCHAL MALKAJGIRI(DISTRICT COLLECTOR MEDCHAL MALKAJGIRI_IDA),2024-09-29,1500000.0,2025-03-12,1500000.0,Physical Inspection,,,
WS/MP18187/2025-2026/189913,,Telangana,ADILABAD(ST),GODAM NAGESH,Repair and Renovation,Construction of culverts and bridges,Construction of low-level bridge at Turati Village,Nirmal(DISTRICT COLLECTOR NIRMAL_3),2025-04-07,200000.0,2025-07-15,200000.0,Vendor Identification,,,
WS/MP18386/2026-2027/281925,,Telangana,NALGONDA,KUNDURU RAGHUVEER,Repair and Renovation,"Construction of Government office buildings (Post office, Police station, Police chauki, etc.)",Repairs to Tahsildar Office Building at Anumula Mandal,NALGONDA(DISTRICT COLLECTOR NALGONDA),2026-05-19,500000.0,2026-08-13,500000.0,Sanction,,,
WS/MP18388/2025-2026/184093,,Telangana,PEDDAPALLE,VAMSI KRISHNA GADDAM,Normal/Others,Construction of buildings for community cultural activities,Extention of work(2nd Floor) for existing community hall for cultural activities at Chunnambatti wada in Mancherial Town,MANCHERIAL(District Collector Mancherial_IDA),2025-03-20,5000000.0,2025-06-18,5000000.0,Work Completed,2026-04-22,4989891.0,
WS/MP18192/2025-2026/232871,,Telangana,NAGARKURNOOL(SC),DR.MALLU RAVI,Normal/Others,Construction of additional rooms and halls in the existing public and community building,"Repairs and Renovation of SW Girls Hostel at Nallakunta, Ward No 20",JOGULAMBA GADWAL(DISTRICT COLLECTOR JOGULAMBA GADWAL_IDA),2025-09-14,500000.0,2026-01-27,500000.0,Work Completed,2026-04-09,498818.0,
WS/MP761/2025-2026/171290,,Telangana,NIZAMABAD,Arvind Dharmapuri,Normal/Others,Construction of community centers and community halls,"Construction of Youth Building, Nikalpur (V), Donkeshwar(M)",NIZAMABAD(DISTRICT COLLECTOR NIZAMABAD_IDA),2025-02-03,400000.0,2025-09-17,400000.0,Physical Inspection,2025-09-18,400000.0,
WS/MP18192/2025-2026/216155,,Telangana,NAGARKURNOOL(SC),DR.MALLU RAVI,Normal/Others,Construction of toilet blocks,Construction of Compound Wall and Toilets to School at Mamidimada,WANAPARTHY(DISTRICT COLLECTOR WANAPARTHY_IDA),2025-07-09,350000.0,2025-07-16,350000.0,Physical Inspection,,,
WS/MP18386/2026-2027/271220,,Telangana,NALGONDA,KUNDURU RAGHUVEER,Normal/Others,"Construction of roads, link roads, pathways or any other road with or without drainage system",Laying of CC Road from Mustipally Saidulu (H) to Kuncham Srikanth (H) and from Mustipally Janaiah (H) to Kuncham Anjaneyulu (H),NALGONDA(DISTRICT COLLECTOR NALGONDA),2026-02-26,500000.0,2026-04-01,500000.0,Work partially Completed,,,
WS/MP18191/2026-2027/267209,,Telangana,MAHABUBNAGAR,ARUNA. D. K,Normal/Others,Lighting of public spaces,Erection of High Mast with LED Flood Lights at Main Chowrastha in Bodonigutta Thanda of Malkapur GP,MAHABUBNAGAR(DISTRICT COLLECTOR MAHABUBNAGAR_3),2026-02-09,250000.0,2026-05-13,250000.0,Sanction,,,
WS/MP18338/2026-2027/267793,,Telangana,BHONGIR,CHAMALA KIRAN KUMAR REDDY,Normal/Others,Street lights,Providing of LED High Mast Lights near NH-65,NALGONDA(DISTRICT COLLECTOR NALGONDA),2026-02-12,180000.0,2026-04-01,180000.0,Vendor Identification,,,
WS/MP18193/2026-2027/194216,,Telangana,MALKAJGIRI,EATALA RAJENDER,Repair and Renovation,"Construction of roads, link roads, pathways or any other road with or without drainage system","Laying of Damaged CC road at Bison Enclave at 5 9 360 85 p, 72 to 77 at dbr welfare association office at Yapral, Neredmet Ward No. 136, Malkajgiri Circle-28, Medchal-Malkajgiri District.",MEDCHAL MALKAJGIRI(DISTRICT COLLECTOR MEDCHAL MALKAJGIRI_IDA),2025-04-24,1650000.0,2026-04-22,1650000.0,Vendor Identification,,,
WS/MP770/2025-2026/208309,,Telangana,KARIMNAGAR,Sanjay Kumar Bandi,Normal/Others,Installing tube-wells and borewells,Drilling of Bore well and Pump set at Sy.No.15 in Mogilipalem Village of Thimmapur Mandal,KARIMNAGAR(DISTRICT COLLECTOR KARIMNAGAR_IDA),2025-06-12,200000.0,2025-09-03,200000.0,Time Estimation,,,
WS/MP18187/2025-2026/189990,,Telangana,ADILABAD(ST),GODAM NAGESH,Normal/Others,Construction of community centers and community halls,Construction of Community Hall Compound wall at Munnurukapu Colony Vengwapet village,Nirmal(DISTRICT COLLECTOR NIRMAL_3),2025-04-08,250000.0,2025-07-15,250000.0,Physical Inspection,2025-09-25,249496.0,
WS/MP18194/2026-2027/223803,,Telangana,ZAHIRABAD,SURESH KUMAR SHETKAR,Normal/Others,Installing tube-wells and borewells,"Installation of Borewells in Nagireddy Palle Village, Kohir Mandal",SANGAREDDY(District Collector Sangareddy_IDA),2025-07-31,250000.0,2026-05-15,250000.0,Physical Inspection,,,
WS/MP18189/2025-2026/199146,,Telangana,KHAMMAM,RAMASAHAYAM RAGHURAM REDDY,Normal/Others,Installing tube-wells and borewells,"Digging of borewell near GGH and MCH Govt General Hospital Campus, Govt General Hospital Khammam",KHAMMAM(DISTRICT COLLECTOR KHAMMAM_IDA),2025-11-24,80000.0,2025-12-17,80000.0,Work Completed,2025-12-18,79171.0,
WS/MP18191/2025-2026/192677,,Telangana,MAHABUBNAGAR,ARUNA. D. K,Normal/Others,Lighting of public spaces,Erection of High Mast with LED Flood Lights near High School at Pedda Adiryal (V),MAHABUBNAGAR(DISTRICT COLLECTOR MAHABUBNAGAR_3),2025-04-19,250000.0,2025-08-20,250000.0,Physical Inspection,2026-01-02,,
WS/MP18193/2025-2026/158008,,Telangana,MALKAJGIRI,EATALA RAJENDER,Normal/Others,"Construction of roads, link roads, pathways or any other road with or without drainage system","Construction of CC Road from Plot No. 17 to Plot No. 24 in Phase 2, Agriculture Colony, Ward No. 16, Hasthinapuram, GHMC Circle - 4, LB Nagar, RR District.",RANGA REDDY(DISTRICT COLLECTOR RANGAREDDY_IDA),2024-12-11,1000000.0,2025-04-25,1000000.0,Vendor Identification,,,
WS/MP18191/2026-2027/257208,,Telangana,MAHABUBNAGAR,ARUNA. D. K,Normal/Others,Construction of community centers and community halls,"Construction of Multipurpose Community hall near Kalikadevi Temple in Ward No.7, Padmavathi Colony",MAHABUBNAGAR(DISTRICT COLLECTOR MAHABUBNAGAR_3),2026-01-05,1000000.0,2026-05-13,1000000.0,Time Estimation,,,
WS/MP761/2026-2027/224012,,Telangana,NIZAMABAD,Arvind Dharmapuri,Normal/Others,Construction of common work sheds/ common covered sitting area,"Construction of Artisan Shed near Bangaru Venkateshwara temple, Venchiryal (V)",NIZAMABAD(DISTRICT COLLECTOR NIZAMABAD_IDA),2025-08-06,400000.0,2026-05-25,400000.0,Physical Inspection,,,
WS/MP18393/2024-2025/160969,,Telangana,MEDAK,MADHAVANENI RAGHUNANDAN RAO,Repair and Renovation,Crematoriums/energy efficient crematoriums or structures on burial/cremation ground,Work of Grave Yard,SIDDIPET(District Collector Siddipet_IDA),2024-12-24,500000.0,2025-02-01,500000.0,Physical Inspection,2025-06-28,500000.0,
WS/MP18393/2024-2025/160968,,Telangana,MEDAK,MADHAVANENI RAGHUNANDAN RAO,Repair and Renovation,Crematoriums/energy efficient crematoriums or structures on burial/cremation ground,Work of Grave yard,SIDDIPET(District Collector Siddipet_IDA),2024-12-24,800000.0,2025-02-01,800000.0,Work Completed,2026-04-25,793284.0,
WS/MP18338/2025-2026/234785,,Telangana,BHONGIR,CHAMALA KIRAN KUMAR REDDY,Normal/Others,Construction of additional rooms and halls in the existing public and community building,construction of Additional room SC Community Hall TO Perika kondaram,NALGONDA(DISTRICT COLLECTOR NALGONDA),2025-09-17,300000.0,2025-10-24,300000.0,Work partially Completed,,,
WS/MP18194/2026-2027/223788,,Telangana,ZAHIRABAD,SURESH KUMAR SHETKAR,Normal/Others,Installing tube-wells and borewells,"Installation of Borewell near Rhytu Vedika in Kohir Village, Kohir MAndal",SANGAREDDY(District Collector Sangareddy_IDA),2025-07-31,150000.0,2026-04-16,150000.0,Physical Inspection,2026-04-19,148949.0,
WS/MP18389/2024-2025/158926,,Telangana,WARANGEL(SC),KADIYAM KAVYA,Normal/Others,Providing drains and gutters for public drainage,Laying of Internal CC Drains from H.No 23-2-222/200/69 to 23-2-222/200 /73/1 in Surjith Nagar in Division No.31 in GWMC limits in Hanumakonda District.,HANUMAKONDA(DISTRICT COLLECTOR HANUMAKONDA_IDA),2024-12-21,500000.0,2025-01-31,500000.0,Physical Inspection,,,
WS/MP18187/2025-2026/189977,,Telangana,ADILABAD(ST),GODAM NAGESH,Normal/Others,Construction of community centers and community halls,Construction of Community Hall at Mudhiraj Colony Chandrapur village,Nirmal(DISTRICT COLLECTOR NIRMAL_3),2025-04-08,500000.0,2025-07-15,500000.0,Vendor Identification,,,
WS/MP761/2025-2026/192352,,Telangana,NIZAMABAD,Arvind Dharmapuri,Normal/Others,Construction of community centers and community halls,Construction of community hall in padmashali wada at Vemulakurthi (V),Jagitial(DISTRICT COLLECTOR JAGTIAL_IDA),2025-05-16,300000.0,2025-08-02,300000.0,Work Completed,2025-08-18,300000.0,
WS/MP18188/2025-2026/195129,,Telangana,CHELVELLA,KONDA VISHWESHWAR REDDY,Repair and Renovation,Construction of public irrigation facilities,"Repairs and Restoration of C.I. Plug Type Sluice Gates Manufacturer and Supply of Cast Iron Plug, Hoist and Hoist Bridge of Kotha Cheruvu, Venkatreddypally Village of Mohammadabad Mandal, Mahabubnagar District",MAHABUBNAGAR(DISTRICT COLLECTOR MAHABUBNAGAR_3),2025-04-28,94000.0,2025-06-06,94000.0,Sanction,,,
WS/MP18191/2024-2025/168744,,Telangana,MAHABUBNAGAR,ARUNA. D. K,Normal/Others,Construction of buildings for community cultural activities,Construction of Youth Building at Amistapur Ward No-8,MAHABUBNAGAR(DISTRICT COLLECTOR MAHABUBNAGAR_3),2025-01-24,700000.0,2025-02-01,700000.0,Work partially Completed,,,
WS/MP18194/2026-2027/223432,,Telangana,ZAHIRABAD,SURESH KUMAR SHETKAR,Normal/Others,Installing tube-wells and borewells,"Borewell drilling,Casing and Pumpset",SANGAREDDY(District Collector Sangareddy_IDA),2025-07-30,200000.0,2026-08-31,200000.0,Sanction,,,
WS/MP770/2025-2026/228381,,Telangana,KARIMNAGAR,Sanjay Kumar Bandi,Repair and Renovation,"Construction of roads, link roads, pathways or any other road with or without drainage system",Laying CC Road from main road to Barryelli Gangarajam at Deshaipet,Jagitial(DISTRICT COLLECTOR JAGTIAL_IDA),2025-08-22,39961.0,2025-08-30,39961.0,Physical Inspection,2025-09-01,39961.0,
WS/MP18388/2025-2026/195509,,Telangana,PEDDAPALLE,VAMSI KRISHNA GADDAM,Normal/Others,"Construction of roads, link roads, pathways or any other road with or without drainage system",CC road from bolla mallesham (H) to gajula raju (H),PEDDAPALLI(District Collector Peddapally_IDA),2025-05-03,499999.0,2026-01-06,499999.0,Work partially Completed,,,
WS/MP18388/2025-2026/188562,,Telangana,PEDDAPALLE,VAMSI KRISHNA GADDAM,Normal/Others,Construction of community centers and community halls,Balance Work Construction of General Community hall,PEDDAPALLI(District Collector Peddapally_IDA),2025-04-01,500000.0,2026-01-05,500000.0,Sanction,,,
WS/MP18194/2025-2026/228385,,Telangana,ZAHIRABAD,SURESH KUMAR SHETKAR,Normal/Others,"Purchase of prosthetics, wheel chairs, tricycles (manual or motorized), elect scooties, hearing aids","Purchase three wheel scooter for Mr.MD Rakheeb son of Md hameed H.No.2-91,Komalancha village, Nizamsagar Mandal",KAMAREDDY(District Collector Kamareddy_IDA),2025-08-22,137000.0,2025-12-20,137000.0,Vendor Identification,,,
WS/MP18338/2024-2025/149885,,Telangana,BHONGIR,CHAMALA KIRAN KUMAR REDDY,Normal/Others,Street lights,Providing of LED Street Lights in Chowderpalle (V),RANGA REDDY(DISTRICT COLLECTOR RANGAREDDY_IDA),2024-10-29,99906.0,2024-12-17,99906.0,Physical Inspection,2025-02-28,99906.0,
WS/MP18389/2025-2026/231101,,Telangana,WARANGEL(SC),KADIYAM KAVYA,Normal/Others,Improvement of electricity distribution infrastructure,EXTENTION OF SUPPLY TO SC COLONY WARDANNAPET VILLAGE AND MANDAL,WARANGAL(District Collector Warangal_IDA),2025-09-03,293687.0,2026-01-13,293687.0,Work partially Completed,,,
WS/MP18191/2026-2027/307548,,Telangana,MAHABUBNAGAR,ARUNA. D. K,Normal/Others,Installing tube-wells and borewells,Drilling of Boer Well and fixing of Pump set at Ayushman Aarogya Mandir Health Sub Center at Jadavaraopalle Village,Narayanpet(DISTRICT COLLECTOR NARAYANPET_IDA),2026-08-24,250000.0,2026-08-25,250000.0,Physical Inspection,,,
WS/MP770/2025-2026/214296,,Telangana,KARIMNAGAR,Sanjay Kumar Bandi,Normal/Others,Installing tube-wells and borewells,Drilling of Bore well and pump set in Sy.No. 633 of Varikolu (V) of Koheda (M),SIDDIPET(District Collector Siddipet_IDA),2025-07-03,200000.0,2025-09-03,200000.0,Work Completed,2025-09-03,195125.0,
WS/MP18188/2025-2026/182150,,Telangana,CHELVELLA,KONDA VISHWESHWAR REDDY,Normal/Others,Installing tube-wells and borewells,Drilling of Borewell and Supply Delivery of Pumpset near Jamma Masjid in Makaipet Village of Pargi Mandal,VIKARABAD(DISTRICT COLLECTOR VIKARABAD_2),2025-03-15,200000.0,2025-06-20,200000.0,Sanction,,,
WS/MP18193/2025-2026/150656,,Telangana,MALKAJGIRI,EATALA RAJENDER,Normal/Others,Providing CCTV camera system for security of public areas,"Installation of CCTV Cameras at Ward No. 16, Bimanagar Colony, ZP Road, Hasthinapuram Division, GHMC, LB Nagar, Ranga Reddy District.",RANGA REDDY(DISTRICT COLLECTOR RANGAREDDY_IDA),2024-11-04,100000.0,2025-08-21,100000.0,Work Completed,2026-03-31,,
WS/MP18187/2025-2026/189983,,Telangana,ADILABAD(ST),GODAM NAGESH,Normal/Others,Construction of community centers and community halls,Construction of Community Hall at SC Colony Kamkati village,Nirmal(DISTRICT COLLECTOR NIRMAL_3),2025-04-08,500000.0,2025-07-18,500000.0,Work Completed,2026-03-16,492443.0,
WS/MP18188/2025-2026/260783,,Telangana,CHELVELLA,KONDA VISHWESHWAR REDDY,Trust and Society,Setting up of laboratories,"Providing Computers to Potukuchi Somasundara Social Welfare and Charitable Trust, Matrusri Nagar, Miyapur, Serilingampally Mandal, Ranga Reddy District",RANGA REDDY(DISTRICT COLLECTOR RANGAREDDY_IDA),2026-01-21,200000.0,2026-02-25,200000.0,Sanction,,,
WS/MP18194/2025-2026/228383,,Telangana,ZAHIRABAD,SURESH KUMAR SHETKAR,Repair and Renovation,Construction of toilet blocks,"Construction of 10 toilets girls in school at ZPHS Bichukunda village, Bihcukunda Mandal",KAMAREDDY(District Collector Kamareddy_IDA),2025-08-22,690000.0,2025-09-11,690000.0,Physical Inspection,2026-05-12,649464.0,
WS/MP761/2026-2027/221184,,Telangana,NIZAMABAD,Arvind Dharmapuri,Normal/Others,"Construction of roads, link roads, pathways or any other road with or without drainage system",Laying of CC road from Bandari Ravi house to Lakkakula Laxman house,Jagitial(DISTRICT COLLECTOR JAGTIAL_IDA),2025-07-23,300000.0,2026-07-20,300000.0,Work partially Completed,,,
WS/MP18393/2025-2026/163816,,Telangana,MEDAK,MADHAVANENI RAGHUNANDAN RAO,Normal/Others,Purchase of other aids / devices required for P/ M/ V/ H impaired for differently abled persons,"Knee Disarticulation prosthesis complete with polycentric pneumatic knee joint, single axis foot, standard adaptors, cushion liner, suction valve and fitment charges",MEDAK(COLLECTOR MEDAK DISTRICT),2025-01-08,259875.0,2026-01-22,259875.0,Vendor Identification,,,
WS/MP765/2025-2026/232924,,Telangana,SECUNDERABAD,Kishan Reddy Gangapuram,Normal/Others,Construction of community centers and community halls,"Construction of Community Hall 1st Floor at Narendranagar, Amberpet.",HYDERABAD(DISTRICT COLLECTOR HYDERABAD_IDA),2025-09-11,1770000.0,2026-02-09,1770000.0,Vendor Identification,,,
WS/MP18189/2025-2026/230689,,Telangana,KHAMMAM,RAMASAHAYAM RAGHURAM REDDY,Normal/Others,"Construction of roads, link roads, pathways or any other road with or without drainage system","Construction of CC Road from Jakkula Sudhakar house to Lakavath Hema house, Gareebpeta",BHADRADRI KOTHAGUDEM(District Collector Bhadradri Ktdm_IDA),2025-10-08,500000.0,2025-10-15,500000.0,Physical Inspection,,,
WS/MP762/2025-2026/200884,,Telangana,HYDERABAD,Asaduddin Owaisi,Normal/Others,Providing supply pipelines for drinking water,"Laying of 900mm dia and 600mm dia Np-3 pipe line and CC road restoration from H.No. 17-4-387, Ashoorkhana Hazrat-e-Ameer Muqtar to H.No. 17-4-313 A and bylanes in Matha Kidiki Nala, Yakutpura Assembly Constituency",HYDERABAD(DISTRICT COLLECTOR HYDERABAD_IDA),2025-05-19,5656600.0,2025-07-11,5656600.0,Physical Inspection,2026-01-21,5656600.0,
WS/MP18188/2025-2026/184509,,Telangana,CHELVELLA,KONDA VISHWESHWAR REDDY,Normal/Others,"Construction of roads, link roads, pathways or any other road with or without drainage system","Laying of CC Road from Budhini Pansu (H) to Shivalayam, Mambapur (V) of Peddemul (M)",VIKARABAD(DISTRICT COLLECTOR VIKARABAD_2),2025-03-20,125000.0,2025-06-20,125000.0,Work partially Completed,,,
WS/MP762/2025-2026/200883,,Telangana,HYDERABAD,Asaduddin Owaisi,Normal/Others,Construction of rooms and halls in school and colleges,"Additional class room block in Ground Floor and 1st to Indira Priyadarshini Degree College, Nampally, Hyderabad",HYDERABAD(DISTRICT COLLECTOR HYDERABAD_IDA),2025-05-19,5600000.0,2025-10-01,5600000.0,Sanction,,,
WS/MP18389/2025-2026/208790,,Telangana,WARANGEL(SC),KADIYAM KAVYA,Normal/Others,Street lights,Electrification Works- Installation of LED Street Lights,HANUMAKONDA(DISTRICT COLLECTOR HANUMAKONDA_IDA),2025-06-13,200000.0,2025-07-10,200000.0,Physical Inspection,,,
WS/MP18338/2025-2026/244824,,Telangana,BHONGIR,CHAMALA KIRAN KUMAR REDDY,Normal/Others,Construction of bus-sheds or bus-stops,Construction of New Bus Shelter at Velugupally Village Thungathurthy Mandal,SURYAPET(DISTRICT COLLECTOR SURYAPET),2025-10-30,500000.0,2025-11-24,500000.0,Sanction,,,
WS/MP18192/2025-2026/216156,,Telangana,NAGARKURNOOL(SC),DR.MALLU RAVI,Normal/Others,Development of playground,Levelling of Ground in KGBV at Ghanpur,WANAPARTHY(DISTRICT COLLECTOR WANAPARTHY_IDA),2025-07-09,350000.0,2025-07-16,350000.0,Physical Inspection,2026-02-05,350000.0,
WS/MP18389/2024-2025/158928,,Telangana,WARANGEL(SC),KADIYAM KAVYA,Normal/Others,Providing drains and gutters for public drainage,Laying of Internal CC Drains from H.No 23-2-222/200/26 to 23-2-222/ 200/24 in Surjith Nagar in Division No.31 in GWMC limits in Hanumnakonda District.,HANUMAKONDA(DISTRICT COLLECTOR HANUMAKONDA_IDA),2024-12-21,500000.0,2025-01-31,500000.0,Vendor Identification,,,
WS/MP18193/2025-2026/214233,,Telangana,MALKAJGIRI,EATALA RAJENDER,Normal/Others,Construction of community centers and community halls,"Construction of Community Hall at West MN Reddy Nagar, Chinthal-128 Division (GHMC), Medchal-Malkajgiri District.",MEDCHAL MALKAJGIRI(DISTRICT COLLECTOR MEDCHAL MALKAJGIRI_IDA),2025-07-03,1000000.0,2026-01-13,1000000.0,Work Completed,2026-03-11,904166.0,
WS/MP18189/2025-2026/182905,,Telangana,KHAMMAM,RAMASAHAYAM RAGHURAM REDDY,Normal/Others,Installing hand pumps,"Digging of bore well and installing hand pump at Vangala Bhaskar house near Bodrayi, Mandati Narasayigudem, Eswaramadharam",KHAMMAM(DISTRICT COLLECTOR KHAMMAM_IDA),2025-06-16,80000.0,2025-09-10,80000.0,Work Completed,2026-03-13,,
WS/MP18190/2026-2027/212749,,Telangana,MAHABUBABAD,BALRAM NAIK PORIKA,Normal/Others,Street lights,Installation of 6 arms High mast flood light near Suryanarayana house Busstand at Yerrabelligudem GP,MAHABUBABAD(DISTRICT COLLECTOR MAHABUBABAD_IDA),2025-06-26,175000.0,2026-05-19,175000.0,Work partially Completed,,,
WS/MP18338/2025-2026/157821,,Telangana,BHONGIR,CHAMALA KIRAN KUMAR REDDY,Normal/Others,Street lights,PROVIDING OF STREET LIGHTS IN VARDHAMANKOTA VILLAGE,SURYAPET(DISTRICT COLLECTOR SURYAPET),2024-12-10,149853.0,2025-06-12,149853.0,Physical Inspection,2025-06-13,149853.0,
WS/MP770/2025-2026/225549,,Telangana,KARIMNAGAR,Sanjay Kumar Bandi,Repair and Renovation,Installing tube-wells and borewells,Drilling of Bore well and Pump set near H.No. 3-230 of Govindaram (V) Bheemaram (M),Jagitial(DISTRICT COLLECTOR JAGTIAL_IDA),2025-08-06,200000.0,2025-08-30,200000.0,Sanction,,,
WS/MP761/2026-2027/171646,,Telangana,NIZAMABAD,Arvind Dharmapuri,Normal/Others,Construction of community centers and community halls,"Construction of community hall near Matsya Parishramika sahakara Sangham near ZPHS Borgaon (P), Div No 5",NIZAMABAD(DISTRICT COLLECTOR NIZAMABAD_IDA),2025-02-03,350000.0,2026-04-23,350000.0,Physical Inspection,2026-04-25,350000.0,
WS/MP18189/2026-2027/242610,,Telangana,KHAMMAM,RAMASAHAYAM RAGHURAM REDDY,Normal/Others,"Construction of roads, link roads, pathways or any other road with or without drainage system","Construction of CC road from M.Veerabhadram house to Akula Ravi house, Yerrupalem",KHAMMAM(DISTRICT COLLECTOR KHAMMAM_IDA),2025-11-06,500000.0,2026-06-19,500000.0,Work partially Completed,,,
WS/MP18194/2026-2027/236865,,Telangana,ZAHIRABAD,SURESH KUMAR SHETKAR,Normal/Others,Street lights,"Installation of 1 Hymax Lights between Chandra House to Mogulappa House in Basanthpur village,Nyalkal Mandal, Sangareddy District",SANGAREDDY(District Collector Sangareddy_IDA),2025-09-23,100000.0,2026-05-15,100000.0,Physical Inspection,,,
WS/MP18193/2025-2026/175995,,Telangana,MALKAJGIRI,EATALA RAJENDER,Normal/Others,Installing tube-wells and borewells,"Drilling of Bore well and Installation of Motor in Ward No. 10, 2BHK Dignity Houses, 5th Block, Dommara Pochampalli, Dundigal Municipality, Gandimaisamma, Medchal Malkajgiri District.",MEDCHAL MALKAJGIRI(DISTRICT COLLECTOR MEDCHAL MALKAJGIRI_IDA),2025-02-17,300000.0,2025-04-04,300000.0,Work Completed,2026-03-25,285945.0,
WS/MP18193/2025-2026/208452,,Telangana,MALKAJGIRI,EATALA RAJENDER,Normal/Others,Construction of community centers and community halls,"Construction of Community Hall, near Mallikarjuna Swamy Temple, Ring Basthi, 126- Jagadgirigutta (GHMC), Medchal-Malkajgiri Dist.",MEDCHAL MALKAJGIRI(DISTRICT COLLECTOR MEDCHAL MALKAJGIRI_IDA),2025-06-13,1500000.0,2025-08-12,1500000.0,Work partially Completed,,,
WS/MP18187/2025-2026/190002,,Telangana,ADILABAD(ST),GODAM NAGESH,Normal/Others,Crematoriums/energy efficient crematoriums or structures on burial/cremation ground,Construction of Graveyard at Venkatadripet ward No. 6,Nirmal(DISTRICT COLLECTOR NIRMAL_3),2025-04-08,500000.0,2025-07-15,500000.0,Sanction,,,
WS/MP770/2025-2026/214288,,Telangana,KARIMNAGAR,Sanjay Kumar Bandi,Normal/Others,Installing tube-wells and borewells,Drilling of Bore well and pump set in Sy.No.283 of Nerella (V ) of Thangalla palli (M),RAJANNA SIRCILLA(DISTRICT COLLECTOR RAJANNA SIRCILLA_IDA),2025-07-03,200000.0,2025-12-09,200000.0,Physical Inspection,2026-01-20,199913.0,
WS/MP18338/2026-2027/267794,,Telangana,BHONGIR,CHAMALA KIRAN KUMAR REDDY,Normal/Others,Street lights,Providing of LED High Mast Light near Village entrance Kammapati Venkataiah Pan Shop,NALGONDA(DISTRICT COLLECTOR NALGONDA),2026-02-12,180000.0,2026-04-01,180000.0,Vendor Identification,,,
WS/MP18193/2026-2027/188610,,Telangana,MALKAJGIRI,EATALA RAJENDER,Normal/Others,Installing tube-wells and borewells,"Drilling of Borewell wit motor near Community Hall, Bhavani Nagar, Gouthamnagar, Division No. 141, Malkajgiri CIrcle-28, Secunderabad Zone",MEDCHAL MALKAJGIRI(DISTRICT COLLECTOR MEDCHAL MALKAJGIRI_IDA),2025-04-01,300000.0,2026-04-16,300000.0,Vendor Identification,,,
WS/MP18393/2025-2026/160963,,Telangana,MEDAK,MADHAVANENI RAGHUNANDAN RAO,Repair and Renovation,Construction of additional rooms and halls in the existing public and community building,Construction of Grama Panchayat Building at Korivipalle Village,MEDAK(COLLECTOR MEDAK DISTRICT),2024-12-24,500000.0,2025-04-15,500000.0,Sanction,,,
WS/MP18194/2025-2026/224180,,Telangana,ZAHIRABAD,SURESH KUMAR SHETKAR,Normal/Others,Installing tube-wells and borewells,"Install pumpset at Sc Colony, Posanipet village, Ramareddy Mandal",KAMAREDDY(District Collector Kamareddy_IDA),2025-08-01,200000.0,2025-09-11,200000.0,Vendor Identification,,,
WS/MP18192/2025-2026/204089,,Telangana,NAGARKURNOOL(SC),DR.MALLU RAVI,Normal/Others,Construction of rooms and halls in school and colleges,Construction of Social Welfare Boys Hostel at undavelle,JOGULAMBA GADWAL(DISTRICT COLLECTOR JOGULAMBA GADWAL_IDA),2025-05-27,10000000.0,2025-06-27,10000000.0,Sanction,,,
WS/MP770/2025-2026/204283,,Telangana,KARIMNAGAR,Sanjay Kumar Bandi,Repair and Renovation,Purchase of furniture and fixtures for educational purposes,"Providing 75 Dual Desk benches to Govt. Primary School in Achannapally (V), Vemulawada Rural (M)",RAJANNA SIRCILLA(DISTRICT COLLECTOR RAJANNA SIRCILLA_IDA),2025-05-28,100000.0,2025-12-10,100000.0,Work Completed,2026-02-17,99594.0,
WS/MP18386/2026-2027/271221,,Telangana,NALGONDA,KUNDURU RAGHUVEER,Normal/Others,"Construction of roads, link roads, pathways or any other road with or without drainage system",Laying of CC Road from Valishetti Padma (H) to Smashanavatika at Marrigudem,NALGONDA(DISTRICT COLLECTOR NALGONDA),2026-02-26,500000.0,2026-04-01,500000.0,Work partially Completed,,,
WS/MP18187/2025-2026/219989,,Telangana,ADILABAD(ST),GODAM NAGESH,Normal/Others,"Construction of roads, link roads, pathways or any other road with or without drainage system",Construction of Gravel Road from Butai Thanda to Dedra,ADILABAD(DISTRICT COLLECTOR ADILABAD_IDA),2025-07-18,500000.0,2026-02-13,500000.0,Physical Inspection,,,
WS/MP18188/2026-2027/258053,,Telangana,CHELVELLA,KONDA VISHWESHWAR REDDY,Trust and Society,Construction of rooms and halls in school and colleges,Construction of Class Room to shishumandir at Pedda Mangalaram Village of Moinabad Mandal,RANGA REDDY(DISTRICT COLLECTOR RANGAREDDY_IDA),2026-01-08,500000.0,2026-06-18,500000.0,Sanction,,,
WS/MP18189/2026-2027/250031,,Telangana,KHAMMAM,RAMASAHAYAM RAGHURAM REDDY,Normal/Others,Installing tube-wells and borewells,Digging of Bore Well Back side of Kodavath Deshayi house 2BHK colony Dubbathanda Yerragaddathanda village,KHAMMAM(DISTRICT COLLECTOR KHAMMAM_IDA),2025-11-22,80000.0,2026-06-18,80000.0,Sanction,,,
WS/MP770/2026-2027/240654,,Telangana,KARIMNAGAR,Sanjay Kumar Bandi,Normal/Others,Installing tube-wells and borewells,Drilling of Bore well and pump set Near H.No. 8-4by1 in Kothapalli Village and Mandal,KARIMNAGAR(DISTRICT COLLECTOR KARIMNAGAR_IDA),2025-10-07,200000.0,2026-04-18,200000.0,Work partially Completed,,,
WS/MP18192/2025-2026/230729,,Telangana,NAGARKURNOOL(SC),DR.MALLU RAVI,Normal/Others,"Purchase of prosthetics, wheel chairs, tricycles (manual or motorized), elect scooties, hearing aids",Providing motorized tricycles to Chilikeswaram Srinivasulu Son of Kashanna,NAGARKURNOOL(DISTRICT COLLECTOR NAGARKURNOOL_IDA),2025-09-01,139090.0,2025-09-26,139090.0,Physical Inspection,2025-10-07,139090.0,
WS/MP18190/2025-2026/192021,,Telangana,MAHABUBABAD,BALRAM NAIK PORIKA,Normal/Others,Improvement of electricity distribution infrastructure,"Execution of ORC Work load of 25 KVA- E S Vasam Yerraiah, Nellikudur",MAHABUBABAD(DISTRICT COLLECTOR MAHABUBABAD_IDA),2025-04-19,307259.0,2025-07-24,307259.0,Vendor Identification,,,
WS/MP18194/2025-2026/224169,,Telangana,ZAHIRABAD,SURESH KUMAR SHETKAR,Normal/Others,Street lights,"Erection of High MAsth Lights Opposite to Hanumanthu house in Jankampalle Village,Nagireddypet Mandal",KAMAREDDY(District Collector Kamareddy_IDA),2025-08-01,99632.0,2025-09-11,99632.0,Physical Inspection,2026-04-16,99632.0,
WS/MP18388/2025-2026/188561,,Telangana,PEDDAPALLE,VAMSI KRISHNA GADDAM,Normal/Others,Installing tube-wells and borewells,Drilling of Borewells Near Mallanna Temple,PEDDAPALLI(District Collector Peddapally_IDA),2025-04-01,150000.0,2025-08-29,150000.0,Vendor Identification,,,
WS/MP18191/2025-2026/210923,,Telangana,MAHABUBNAGAR,ARUNA. D. K,Normal/Others,Lighting of public spaces,Erection of high mast lights near Bodrai at Kondarpur (V),Narayanpet(DISTRICT COLLECTOR NARAYANPET_IDA),2025-06-21,250000.0,2025-10-21,250000.0,Work Completed,2025-10-22,249886.0,
WS/MP18393/2025-2026/182181,,Telangana,MEDAK,MADHAVANENI RAGHUNANDAN RAO,Normal/Others,Installation of fixed garden gym equipment,Construction of Open gym,SIDDIPET(District Collector Siddipet_IDA),2025-03-25,500000.0,2026-03-09,500000.0,Physical Inspection,2026-03-11,500000.0,
WS/MP761/2026-2027/221186,,Telangana,NIZAMABAD,Arvind Dharmapuri,Normal/Others,Construction of common work sheds/ common covered sitting area,Construction of Artisan Shed near Ramalayam,Jagitial(DISTRICT COLLECTOR JAGTIAL_IDA),2025-07-23,300000.0,2026-07-16,300000.0,Work partially Completed,,,
WS/MP18389/2025-2026/213470,,Telangana,WARANGEL(SC),KADIYAM KAVYA,Trust and Society,Setting up of laboratories,SETTING UP OF SCIENCE LABORATORY AT ZPHS CHINNAPENDYALA VILLAGE OF CHILPUR MANDAL,JANGOAN(DISTRICT COLLECTOR JANGAON_IDA),2025-06-30,356370.0,2026-02-12,356370.0,Work Completed,2026-02-12,356370.0,
WS/MP18389/2024-2025/158925,,Telangana,WARANGEL(SC),KADIYAM KAVYA,Normal/Others,Providing drains and gutters for public drainage,Laying of Internal CC Drains from H.No.23-2-91 to 23-2-222 /200/99 in Surjith Nagar in Division No.31 in GWMC limits in Hanumakonda District.,HANUMAKONDA(DISTRICT COLLECTOR HANUMAKONDA_IDA),2024-12-21,500000.0,2025-01-31,500000.0,Vendor Identification,,,
WS/MP18388/2026-2027/182834,,Telangana,PEDDAPALLE,VAMSI KRISHNA GADDAM,Normal/Others,Installation of multi-gym equipment,"Open Gym in Dongathurthy Villege, in Darmaram Mandal",PEDDAPALLI(District Collector Peddapally_IDA),2025-03-20,294784.0,2026-09-03,294784.0,Sanction,,,
WS/MP770/2025-2026/187655,,Telangana,KARIMNAGAR,Sanjay Kumar Bandi,Normal/Others,Lighting of public spaces,"Errection of High mast Lights near Ittaboina Ravi house No. 5-94, Anthakkapeta (V) of Akkannapeta (M)",SIDDIPET(District Collector Siddipet_IDA),2025-03-29,100000.0,2025-07-01,100000.0,Work Completed,2025-07-02,100000.0,
WS/MP18189/2025-2026/184814,,Telangana,KHAMMAM,RAMASAHAYAM RAGHURAM REDDY,Normal/Others,"Construction of roads, link roads, pathways or any other road with or without drainage system","Construction of CC Road from R and B Road to Sankaramulu home, Kamalapuram village of Singareni Mandal",KHAMMAM(DISTRICT COLLECTOR KHAMMAM_IDA),2025-06-16,500000.0,2025-09-06,500000.0,Physical Inspection,2025-12-18,500000.0,
WS/MP18190/2025-2026/169298,,Telangana,MAHABUBABAD,BALRAM NAIK PORIKA,Normal/Others,"Construction of roads, link roads, pathways or any other road with or without drainage system",Laying of CC Road from Daising House to Komineni Ravinder House via darla Sunil House at Kankara Board,MAHABUBABAD(DISTRICT COLLECTOR MAHABUBABAD_IDA),2025-01-27,999000.0,2025-06-02,999000.0,Work Completed,2025-06-04,997210.0,
WS/MP18190/2025-2026/162248,,Telangana,MAHABUBABAD,BALRAM NAIK PORIKA,Normal/Others,Installing tube-wells and borewells,Drilling of Borewell and fixing of 1.0 HP pumpset near MB Office at Ashoknagar Village,WARANGAL(District Collector Warangal_IDA),2025-01-02,140000.0,2025-11-25,140000.0,Physical Inspection,2025-11-26,138006.0,
WS/MP18386/2025-2026/234901,,Telangana,NALGONDA,KUNDURU RAGHUVEER,Normal/Others,Construction of additional rooms and halls in the existing public and community building,Balance construction work of Dinning Hall,SURYAPET(DISTRICT COLLECTOR SURYAPET),2025-09-17,500000.0,2026-01-27,500000.0,Work Completed,2026-04-25,500000.0,
WS/MP18191/2025-2026/262214,,Telangana,MAHABUBNAGAR,ARUNA. D. K,Normal/Others,Lighting of public spaces,Erection of High Mast with LED Flood Lights at SC Wada,Narayanpet(DISTRICT COLLECTOR NARAYANPET_IDA),2026-01-27,250000.0,2026-02-26,250000.0,Physical Inspection,,,
WS/MP18393/2025-2026/140466,,Telangana,MEDAK,MADHAVANENI RAGHUNANDAN RAO,Repair and Renovation,Construction of additional rooms and halls in the existing public and community building,Repair and renovation to Bar Association Building at Siddipet Town,SIDDIPET(District Collector Siddipet_IDA),2024-09-12,1250000.0,2025-09-18,1250000.0,Work Completed,2025-09-20,961083.0,
WS/MP18191/2025-2026/192682,,Telangana,MAHABUBNAGAR,ARUNA. D. K,Normal/Others,Lighting of public spaces,Erection of High Mast with LED Flood Lights at SC Colony in Dasaripalle (V),MAHABUBNAGAR(DISTRICT COLLECTOR MAHABUBNAGAR_3),2025-04-19,250000.0,2025-08-20,250000.0,Physical Inspection,2026-01-02,,
WS/MP18187/2025-2026/189978,,Telangana,ADILABAD(ST),GODAM NAGESH,Normal/Others,Construction of community centers and community halls,Construction of Community Hall at SC Colony Waddial village,Nirmal(DISTRICT COLLECTOR NIRMAL_3),2025-04-08,300000.0,2025-07-15,300000.0,Time Estimation,,,
WS/MP18188/2026-2027/277812,,Telangana,CHELVELLA,KONDA VISHWESHWAR REDDY,Normal/Others,Providing drains and gutters for public drainage,Construction of Under Ground Drainage from Shankar Yadav House to Kokat Rupesh House to Saipur Main Road in Ward No.28 in Tandur Town,VIKARABAD(DISTRICT COLLECTOR VIKARABAD_2),2026-04-09,500000.0,2026-05-18,500000.0,Sanction,,,
WS/MP18187/2026-2027/219976,,Telangana,ADILABAD(ST),GODAM NAGESH,Normal/Others,Construction of boundary walls of existing public and community buildings,Construction of Compound wall to Community hall at Umri,ADILABAD(DISTRICT COLLECTOR ADILABAD_IDA),2025-07-18,500000.0,2026-06-22,500000.0,Work partially Completed,,,
WS/MP770/2025-2026/181671,,Telangana,KARIMNAGAR,Sanjay Kumar Bandi,Normal/Others,Lighting of public spaces,"Erection of Two High Mast lights 1. Near Gandhi Circle, 2. Near Arella Bhagyamma house in Kothakonda village of Bheemadevarapally mandal",HANUMAKONDA(DISTRICT COLLECTOR HANUMAKONDA_IDA),2025-03-13,200000.0,2025-06-12,200000.0,Physical Inspection,,,
WS/MP18189/2025-2026/230722,,Telangana,KHAMMAM,RAMASAHAYAM RAGHURAM REDDY,Normal/Others,"Construction of roads, link roads, pathways or any other road with or without drainage system","Construction of Cc Road from Velugu office to DPRE office at 27th Ward, Kothagudem",BHADRADRI KOTHAGUDEM(District Collector Bhadradri Ktdm_IDA),2025-10-08,500000.0,2025-10-15,500000.0,Work Completed,2026-04-13,420152.0,
WS/MP18393/2025-2026/182182,,Telangana,MEDAK,MADHAVANENI RAGHUNANDAN RAO,Normal/Others,Construction of public libraries and reading rooms,Construction of reading room at Chinna Nizampet village of Akbarpet Bhoompalle Mandal,SIDDIPET(District Collector Siddipet_IDA),2025-03-25,500000.0,2025-07-01,500000.0,Work Completed,2026-04-24,500000.0,
WS/MP18193/2024-2025/150632,,Telangana,MALKAJGIRI,EATALA RAJENDER,Normal/Others,Installing tube-wells and borewells,"Drilling of borewell in Zilla Parishad High School, Ward No. 16, Bowrampet, Dundigal Municipality, Gandimaisamma, Medchal-Malkajgiri District.",MEDCHAL MALKAJGIRI(DISTRICT COLLECTOR MEDCHAL MALKAJGIRI_IDA),2024-11-04,129487.0,2025-03-11,129487.0,Physical Inspection,2025-06-28,129487.0,
WS/MP765/2025-2026/232940,,Telangana,SECUNDERABAD,Kishan Reddy Gangapuram,Normal/Others,Construction of community centers and community halls,construction of community hall at Chintal Basthi Grandhayalam Ground.,HYDERABAD(DISTRICT COLLECTOR HYDERABAD_IDA),2025-09-11,3000000.0,2026-02-09,3000000.0,Sanction,,,
WS/MP18192/2025-2026/196895,,Telangana,NAGARKURNOOL(SC),DR.MALLU RAVI,Normal/Others,Construction of rooms and halls in school and colleges,Construction of Social Welfare Girls College Hostel A in Wanaparthy Town,WANAPARTHY(DISTRICT COLLECTOR WANAPARTHY_IDA),2025-05-05,10000000.0,2025-05-15,10000000.0,Physical Inspection,,,
WS/MP770/2025-2026/219295,,Telangana,KARIMNAGAR,Sanjay Kumar Bandi,Normal/Others,Installing tube-wells and borewells,Drilling of Bore well and Pump set at H.No. 2-3 in Arepalli Division No. 01 of Municipal Corporation Karimnagar,KARIMNAGAR(DISTRICT COLLECTOR KARIMNAGAR_IDA),2025-07-17,200000.0,2025-08-12,200000.0,Sanction,,,
WS/MP18389/2024-2025/158919,,Telangana,WARANGEL(SC),KADIYAM KAVYA,Normal/Others,"Construction of roads, link roads, pathways or any other road with or without drainage system",Laying of Internal CC Road from Block A Electrical Pole No HB1/10 to H.No:24-1 400/A/93/B in Indiramma Colony in Division No.49 in GWMC limits in Hanumakonda District.,HANUMAKONDA(DISTRICT COLLECTOR HANUMAKONDA_IDA),2024-12-21,499490.0,2025-01-31,499490.0,Physical Inspection,2025-09-27,499490.0,
WS/MP18191/2025-2026/248702,,Telangana,MAHABUBNAGAR,ARUNA. D. K,Normal/Others,Lighting of public spaces,Erection of High Mast with LED Flood Lights near MRO Office in Keshampet (V),RANGA REDDY(DISTRICT COLLECTOR RANGAREDDY_IDA),2025-11-17,249924.0,2025-12-20,249924.0,Physical Inspection,2026-05-04,249924.0,
WS/MP18188/2025-2026/159486,,Telangana,CHELVELLA,KONDA VISHWESHWAR REDDY,Normal/Others,"Construction of roads, link roads, pathways or any other road with or without drainage system","Laying of CC Road from B. Laxmi (H) to S. Ram Reddy (H) at Kotmarpally (V), Marpally (M)",VIKARABAD(DISTRICT COLLECTOR VIKARABAD_2),2024-12-17,125000.0,2025-06-09,125000.0,Work Completed,2026-02-21,124660.0,
WS/MP18338/2026-2027/267792,,Telangana,BHONGIR,CHAMALA KIRAN KUMAR REDDY,Normal/Others,Street lights,Providing of LED High Mast Lights near Sri Parvathi Ammavari Temple,NALGONDA(DISTRICT COLLECTOR NALGONDA),2026-02-12,180000.0,2026-04-01,180000.0,Physical Inspection,,,
WS/MP18189/2025-2026/184336,,Telangana,KHAMMAM,RAMASAHAYAM RAGHURAM REDDY,Normal/Others,Improvement of electricity distribution infrastructure,"Construction of Current (Electricity Power supply) line from PHC,Chinthakani to Rythu Vedika, Chinthakani, Chinthakani village and mandal",KHAMMAM(DISTRICT COLLECTOR KHAMMAM_IDA),2025-08-23,300000.0,2025-08-29,300000.0,Vendor Identification,,,
WS/MP18389/2024-2025/166939,,Telangana,WARANGEL(SC),KADIYAM KAVYA,Normal/Others,Purchase of other aids / devices required for P/ M/ V/ H impaired for differently abled persons,"Providing Artificial limb, Instalimb Socket with required equipment to Sri. Sambari Srinivas son of Ailaiah resident of Ghanpur Stn. Village and Mandal, Jangaon District.",JANGOAN(DISTRICT COLLECTOR JANGAON_IDA),2025-01-20,186000.0,2025-03-12,186000.0,Work Completed,2025-04-03,186000.0,
WS/MP18192/2025-2026/232872,,Telangana,NAGARKURNOOL(SC),DR.MALLU RAVI,Normal/Others,Construction of additional rooms and halls in the existing public and community building,"Repairs and Renovation of Anandanilayam at Chintalpet, Ward No 32",JOGULAMBA GADWAL(DISTRICT COLLECTOR JOGULAMBA GADWAL_IDA),2025-09-14,500000.0,2026-01-27,500000.0,Work partially Completed,,,
WS/MP770/2026-2027/232544,,Telangana,KARIMNAGAR,Sanjay Kumar Bandi,Normal/Others,Construction of community centers and community halls,Cbyo Community Hall in Sy.No. 650 of Jammikunta (V)and (M),KARIMNAGAR(DISTRICT COLLECTOR KARIMNAGAR_IDA),2025-09-10,500000.0,2026-06-22,500000.0,Vendor Identification,,,
WS/MP18193/2025-2026/250171,,Telangana,MALKAJGIRI,EATALA RAJENDER,Normal/Others,Installing tube-wells and borewells,"Drilling of Bore Well with Motor at Block-15, 2BHK, 5th Ward, Dundigal Municipality, Medchal-Malkajgiri District",MEDCHAL MALKAJGIRI(DISTRICT COLLECTOR MEDCHAL MALKAJGIRI_IDA),2025-11-24,400000.0,2026-02-28,400000.0,Physical Inspection,,,
WS/MP761/2025-2026/153907,,Telangana,NIZAMABAD,Arvind Dharmapuri,Normal/Others,Construction of community centers and community halls,Construction of Community hall in Gollla Kurma Yadava Wada,Jagitial(DISTRICT COLLECTOR JAGTIAL_IDA),2024-11-22,400000.0,2025-05-21,400000.0,Work Completed,2025-08-19,400000.0,
WS/MP770/2026-2027/195091,,Telangana,KARIMNAGAR,Sanjay Kumar Bandi,Normal/Others,Installing community drinking water plants,"Providing and Installation of RO Plant at TGSWRDC, Near Prathima Hospital, in Nagunur Village, Karimnagar Rural",KARIMNAGAR(DISTRICT COLLECTOR KARIMNAGAR_IDA),2025-04-28,300000.0,2026-09-02,300000.0,Time Estimation,,,
WS/MP18388/2025-2026/188563,,Telangana,PEDDAPALLE,VAMSI KRISHNA GADDAM,Normal/Others,"Construction of roads, link roads, pathways or any other road with or without drainage system",CC Road From Old AIMS School to NH363 Service road,MANCHERIAL(District Collector Mancherial_IDA),2025-04-01,300000.0,2025-06-18,300000.0,Work Completed,2025-11-20,297000.0,
WS/MP761/2026-2027/224234,,Telangana,NIZAMABAD,Arvind Dharmapuri,Normal/Others,Installing tube-wells and borewells,"Drilling of Borewell with Pumpset at Crematorium, Rampur (V) Armoor (M)",NIZAMABAD(DISTRICT COLLECTOR NIZAMABAD_IDA),2025-08-06,150000.0,2026-06-18,150000.0,Physical Inspection,,,
WS/MP18190/2025-2026/152670,,Telangana,MAHABUBABAD,BALRAM NAIK PORIKA,Normal/Others,Street lights,Installation of 6 Arm Highmast Flood Light near Eduraboina Sunuil (H) and Bathukamma Play Ground at Katrapally Village of Kesamudram Mandal,MAHABUBABAD(DISTRICT COLLECTOR MAHABUBABAD_IDA),2024-11-15,350000.0,2025-07-04,350000.0,Sanction,,,
WS/MP18187/2025-2026/189882,,Telangana,ADILABAD(ST),GODAM NAGESH,Normal/Others,"Construction of roads, link roads, pathways or any other road with or without drainage system",Construction of Road from Bridge to School Building at Dhar Kubeer,Nirmal(DISTRICT COLLECTOR NIRMAL_3),2025-04-07,150000.0,2025-07-15,150000.0,Vendor Identification,,,
WS/MP18338/2025-2026/258042,,Telangana,BHONGIR,CHAMALA KIRAN KUMAR REDDY,Normal/Others,Construction of bus-sheds or bus-stops,Construction of New Bus Shelter at Jajireddygudem Village,SURYAPET(DISTRICT COLLECTOR SURYAPET),2026-01-08,500000.0,2026-01-27,500000.0,Work partially Completed,,,
WS/MP765/2025-2026/232980,,Telangana,SECUNDERABAD,Kishan Reddy Gangapuram,Normal/Others,"Purchase of prosthetics, wheel chairs, tricycles (manual or motorized), elect scooties, hearing aids",Purchase of Cochlear Saphyre BTE Processor to Dinesh Son of Haribabu 85558862921 who is a Hearing Impaired.,HYDERABAD(DISTRICT COLLECTOR HYDERABAD_IDA),2025-09-11,200000.0,2026-02-23,200000.0,Vendor Identification,,,
WS/MP18389/2025-2026/185191,,Telangana,WARANGEL(SC),KADIYAM KAVYA,Repair and Renovation,Construction of rooms and halls in school and colleges,REPAIRS TO KGBV BUILDING AT THIRUMALLAYAPALLY VILLAGE,WARANGAL(District Collector Warangal_IDA),2025-03-23,500000.0,2026-02-06,500000.0,Physical Inspection,2026-05-01,500000.0,
WS/MP18187/2026-2027/189772,,Telangana,ADILABAD(ST),GODAM NAGESH,Normal/Others,Installing tube-wells and borewells,Providing of Drinking water source at Mallanna gudem of Hathni,KUMURAM BHEEM ASIFABAD(District Collector KB Asifabad_IDA),2025-04-07,100000.0,2026-04-17,100000.0,Physical Inspection,2026-05-02,99230.0,
WS/MP18188/2025-2026/258866,,Telangana,CHELVELLA,KONDA VISHWESHWAR REDDY,Normal/Others,"Construction of roads, link roads, pathways or any other road with or without drainage system",Laying of CC Road from Teacher Sridhar Reddy House to Narsimlu Sir House in Ward No.12 in Tandur Municipality,VIKARABAD(DISTRICT COLLECTOR VIKARABAD_2),2026-01-12,500000.0,2026-03-19,500000.0,Work partially Completed,,,
WS/MP18194/2025-2026/228387,,Telangana,ZAHIRABAD,SURESH KUMAR SHETKAR,Normal/Others,"Purchase of prosthetics, wheel chairs, tricycles (manual or motorized), elect scooties, hearing aids","Purchase three wheel scooter for Mr.Mamidi Praveen Kumar , son of Mamidi Sangaiah, H No.3-80, Gajwada Village, Regode MAndal",MEDAK(COLLECTOR MEDAK DISTRICT),2025-08-22,127930.0,2026-01-31,127930.0,Work Completed,2026-05-02,126851.0,
WS/MP762/2026-2027/280169,,Telangana,HYDERABAD,Asaduddin Owaisi,Normal/Others,"Purchase of prosthetics, wheel chairs, tricycles (manual or motorized), elect scooties, hearing aids","Motorized tri cycle for Mr. Chintakindi Prakas Son of Late Ch. Ramulu H.No.18-3-496 by 31 by 1, Lasmi Nagar Aliabad, Hyderabad",HYDERABAD(DISTRICT COLLECTOR HYDERABAD_IDA),2026-05-21,103387.0,2026-06-23,103387.0,Vendor Identification,,,
WS/MP18188/2025-2026/159484,,Telangana,CHELVELLA,KONDA VISHWESHWAR REDDY,Normal/Others,"Construction of roads, link roads, pathways or any other road with or without drainage system","Laying of CC Road from B. Raju House to V. Gopal (H) in SC Colony at Velchal (V), Mominpet (M)",VIKARABAD(DISTRICT COLLECTOR VIKARABAD_2),2024-12-17,125000.0,2025-06-13,125000.0,Physical Inspection,,,
WS/MP18190/2025-2026/177022,,Telangana,MAHABUBABAD,BALRAM NAIK PORIKA,Normal/Others,"Construction of roads, link roads, pathways or any other road with or without drainage system",Providing internal CC road from Naguluri Abraham house to Naguluri Samuel house at Thallur,PRAKASAM(DISTRICT COLLECTOR PRAKASAM_IDA),,,2025-05-15,400000.0,Sanction,,,Work_ID present in Works Sanctioned but not found in Works Recommended (Recommended_Date/Amount unavailable)
WS/MP18192/2026-2027/288697,,Telangana,NAGARKURNOOL(SC),DR.MALLU RAVI,Normal/Others,Street lights,The work Construction of IMast Lights at Barpati Laxmaiah House at SC Colony in Kandukur GP of Gundlapally Mandal,NALGONDA(DISTRICT COLLECTOR NALGONDA),,,2026-07-20,140000.0,Sanction,,,Work_ID present in Works Sanctioned but not found in Works Recommended (Recommended_Date/Amount unavailable)
WS/MP18190/2025-2026/192005,,Telangana,MAHABUBABAD,BALRAM NAIK PORIKA,Normal/Others,Construction of public libraries and reading rooms,"Construction of Reading Rooms at Dubbaka main Road, Bus Stand Neelakanta",SIDDIPET(District Collector Siddipet_IDA),,,2026-01-07,998000.0,Work Completed,2026-01-08,982534.0,Work_ID present in Works Sanctioned but not found in Works Recommended (Recommended_Date/Amount unavailable)
